חודש חישוב,שם מוטב,סמל מוטב,סמל מוסד,שם מוסד,חודש תחולה,טווח כיתות,קוד נושא,נושא,מספר יחידות,מספר כיתות,עלות,קוד סטטוס,סטטוס,סכום מחושב,סכום מחושב קודם,הפרש מחושב
3/2026,עירית כפר קרע,10406544,317115,מחוננים כפר קרע,09/2024,,105,שרתים - חוות ומרכזים,139,4,2036.14,0,פעיל,8144.56,8144.56,0
3/2026,עירית כפר קרע,10406544,317115,מחוננים כפר קרע,10/2024,,105,שרתים - חוות ומרכזים,139,4,2240.61,0,פעיל,8962.44,8962.44,0
3/2026,עירית כפר קרע,10406544,317115,מחוננים כפר קרע,11/2024,,105,שרתים - חוות ומרכזים,139,4,2060.65,0,פעיל,8242.6,8242.6,0
3/2026,עירית כפר קרע,10406544,317115,מחוננים כפר קרע,12/2024,,105,שרתים - חוות ומרכזים,139,4,2033.27,0,פעיל,8133.08,8133.08,0
3/2026,עירית כפר קרע,10406544,317115,מחוננים כפר קרע,01/2025,,105,שרתים - חוות ומרכזים,139,4,2046.93,0,פעיל,8187.72,8187.72,0
3/2026,עירית כפר קרע,10406544,317115,מחוננים כפר קרע,02/2025,,105,שרתים - חוות ומרכזים,139,4,2046.93,0,פעיל,8187.72,8187.72,0
3/2026,עירית כפר קרע,10406544,317115,מחוננים כפר קרע,03/2025,,105,שרתים - חוות ומרכזים,139,4,2046.93,0,פעיל,8187.72,8187.72,0
3/2026,עירית כפר קרע,10406544,317115,מחוננים כפר קרע,04/2025,,105,שרתים - חוות ומרכזים,139,4,2154.19,0,פעיל,8616.76,8616.76,0
3/2026,עירית כפר קרע,10406544,317115,מחוננים כפר קרע,05/2025,,105,שרתים - חוות ומרכזים,139,4,2154.19,0,פעיל,8616.76,8616.76,0
3/2026,עירית כפר קרע,10406544,317115,מחוננים כפר קרע,06/2025,,105,שרתים - חוות ומרכזים,139,4,3425.39,0,פעיל,13701.56,13701.56,0
3/2026,עירית כפר קרע,10406544,317115,מחוננים כפר קרע,07/2025,,105,שרתים - חוות ומרכזים,139,4,2562.61,0,פעיל,10250.44,10250.44,0
3/2026,עירית כפר קרע,10406544,317115,מחוננים כפר קרע,08/2025,,105,שרתים - חוות ומרכזים,139,4,2154.19,0,פעיל,8616.76,8616.76,0
3/2026,עירית כפר קרע,10406544,317115,מחוננים כפר קרע,09/2025,,105,שרתים - חוות ומרכזים,137,4,2154.19,0,פעיל,8616.76,8616.76,0
3/2026,עירית כפר קרע,10406544,317115,מחוננים כפר קרע,10/2025,,105,שרתים - חוות ומרכזים,137,4,2339.95,0,פעיל,9359.8,9359.8,0
3/2026,עירית כפר קרע,10406544,317115,מחוננים כפר קרע,11/2025,,105,שרתים - חוות ומרכזים,137,4,2154.19,0,פעיל,8616.76,8616.76,0
3/2026,עירית כפר קרע,10406544,317115,מחוננים כפר קרע,12/2025,,105,שרתים - חוות ומרכזים,137,4,2154.19,0,פעיל,8616.76,8616.76,0
3/2026,עירית כפר קרע,10406544,317115,מחוננים כפר קרע,01/2026,,105,שרתים - חוות ומרכזים,137,4,2184.66,0,פעיל,8738.64,8738.64,0
3/2026,עירית כפר קרע,10406544,317115,מחוננים כפר קרע,02/2026,,105,שרתים - חוות ומרכזים,137,4,2184.66,0,פעיל,8738.64,8738.64,0
3/2026,עירית כפר קרע,10406544,317115,מחוננים כפר קרע,03/2026,,105,שרתים - חוות ומרכזים,137,4,2184.66,0,פעיל,8738.64,0,8738.64
3/2026,עירית כפר קרע,10406544,317115,מחוננים כפר קרע,09/2024,,109,מזכירים-חוות ומרכזים,139,4,646.11,0,פעיל,2584.44,2584.44,0
3/2026,עירית כפר קרע,10406544,317115,מחוננים כפר קרע,10/2024,,109,מזכירים-חוות ומרכזים,139,4,710.95,0,פעיל,2843.8,2843.8,0
3/2026,עירית כפר קרע,10406544,317115,מחוננים כפר קרע,11/2024,,109,מזכירים-חוות ומרכזים,139,4,653.88,0,פעיל,2615.52,2615.52,0
3/2026,עירית כפר קרע,10406544,317115,מחוננים כפר קרע,12/2024,,109,מזכירים-חוות ומרכזים,139,4,645.41,0,פעיל,2581.64,2581.64,0
3/2026,עירית כפר קרע,10406544,317115,מחוננים כפר קרע,01/2025,,109,מזכירים-חוות ומרכזים,139,4,649.74,0,פעיל,2598.96,2598.96,0
3/2026,עירית כפר קרע,10406544,317115,מחוננים כפר קרע,02/2025,,109,מזכירים-חוות ומרכזים,139,4,649.74,0,פעיל,2598.96,2598.96,0
3/2026,עירית כפר קרע,10406544,317115,מחוננים כפר קרע,03/2025,,109,מזכירים-חוות ומרכזים,139,4,649.74,0,פעיל,2598.96,2598.96,0
3/2026,עירית כפר קרע,10406544,317115,מחוננים כפר קרע,04/2025,,109,מזכירים-חוות ומרכזים,139,4,683.45,0,פעיל,2733.8,2733.8,0
3/2026,עירית כפר קרע,10406544,317115,מחוננים כפר קרע,05/2025,,109,מזכירים-חוות ומרכזים,139,4,683.45,0,פעיל,2733.8,2733.8,0
3/2026,עירית כפר קרע,10406544,317115,מחוננים כפר קרע,06/2025,,109,מזכירים-חוות ומרכזים,139,4,1086.59,0,פעיל,4346.36,4346.36,0
3/2026,עירית כפר קרע,10406544,317115,מחוננים כפר קרע,07/2025,,109,מזכירים-חוות ומרכזים,139,4,812.98,0,פעיל,3251.92,3251.92,0
3/2026,עירית כפר קרע,10406544,317115,מחוננים כפר קרע,08/2025,,109,מזכירים-חוות ומרכזים,139,4,683.45,0,פעיל,2733.8,2733.8,0
3/2026,עירית כפר קרע,10406544,317115,מחוננים כפר קרע,09/2025,,109,מזכירים-חוות ומרכזים,137,4,683.45,0,פעיל,2733.8,2733.8,0
3/2026,עירית כפר קרע,10406544,317115,מחוננים כפר קרע,10/2025,,109,מזכירים-חוות ומרכזים,137,4,742.36,0,פעיל,2969.44,2969.44,0
3/2026,עירית כפר קרע,10406544,317115,מחוננים כפר קרע,11/2025,,109,מזכירים-חוות ומרכזים,137,4,683.45,0,פעיל,2733.8,2733.8,0
3/2026,עירית כפר קרע,10406544,317115,מחוננים כפר קרע,12/2025,,109,מזכירים-חוות ומרכזים,137,4,683.45,0,פעיל,2733.8,2733.8,0
3/2026,עירית כפר קרע,10406544,317115,מחוננים כפר קרע,01/2026,,109,מזכירים-חוות ומרכזים,137,4,693.23,0,פעיל,2772.92,2772.92,0
3/2026,עירית כפר קרע,10406544,317115,מחוננים כפר קרע,02/2026,,109,מזכירים-חוות ומרכזים,137,4,693.23,0,פעיל,2772.92,2772.92,0
3/2026,עירית כפר קרע,10406544,317115,מחוננים כפר קרע,03/2026,,109,מזכירים-חוות ומרכזים,137,4,693.23,0,פעיל,2772.92,0,2772.92
3/2026,עירית כפר קרע,10406544,318188,אלמוסתקבל,09/2024,א-ו חנ"מ,002,שרתים,0,3,2036.14,0,פעיל,6108.42,6108.42,0
3/2026,עירית כפר קרע,10406544,318188,אלמוסתקבל,10/2024,א-ו חנ"מ,002,שרתים,0,3,2240.61,0,פעיל,6721.83,6721.83,0
3/2026,עירית כפר קרע,10406544,318188,אלמוסתקבל,11/2024,א-ו חנ"מ,002,שרתים,0,3,2060.65,0,פעיל,6181.95,6181.95,0
3/2026,עירית כפר קרע,10406544,318188,אלמוסתקבל,12/2024,א-ו חנ"מ,002,שרתים,0,3,2033.27,0,פעיל,6099.81,6099.81,0
3/2026,עירית כפר קרע,10406544,318188,אלמוסתקבל,01/2025,א-ו חנ"מ,002,שרתים,0,3,2046.93,0,פעיל,6140.79,6140.79,0
3/2026,עירית כפר קרע,10406544,318188,אלמוסתקבל,02/2025,א-ו חנ"מ,002,שרתים,0,3,2046.93,0,פעיל,6140.79,6140.79,0
3/2026,עירית כפר קרע,10406544,318188,אלמוסתקבל,03/2025,א-ו חנ"מ,002,שרתים,0,3,2046.93,0,פעיל,6140.79,6140.79,0
3/2026,עירית כפר קרע,10406544,318188,אלמוסתקבל,04/2025,א-ו חנ"מ,002,שרתים,0,3,2154.19,0,פעיל,6462.57,6462.57,0
3/2026,עירית כפר קרע,10406544,318188,אלמוסתקבל,05/2025,א-ו חנ"מ,002,שרתים,0,3,2154.19,0,פעיל,6462.57,6462.57,0
3/2026,עירית כפר קרע,10406544,318188,אלמוסתקבל,06/2025,א-ו חנ"מ,002,שרתים,0,3,3425.39,0,פעיל,10276.17,10276.17,0
3/2026,עירית כפר קרע,10406544,318188,אלמוסתקבל,07/2025,א-ו חנ"מ,002,שרתים,0,3,2562.61,0,פעיל,7687.83,7687.83,0
3/2026,עירית כפר קרע,10406544,318188,אלמוסתקבל,08/2025,א-ו חנ"מ,002,שרתים,0,3,2154.19,0,פעיל,6462.57,6462.57,0
3/2026,עירית כפר קרע,10406544,318188,אלמוסתקבל,09/2025,א-ו חנ"מ,002,שרתים,0,3,2154.19,0,פעיל,6462.57,6462.57,0
3/2026,עירית כפר קרע,10406544,318188,אלמוסתקבל,10/2025,א-ו חנ"מ,002,שרתים,0,3,2339.95,0,פעיל,7019.85,7019.85,0
3/2026,עירית כפר קרע,10406544,318188,אלמוסתקבל,11/2025,א-ו חנ"מ,002,שרתים,0,3,2154.19,0,פעיל,6462.57,6462.57,0
3/2026,עירית כפר קרע,10406544,318188,אלמוסתקבל,12/2025,א-ו חנ"מ,002,שרתים,0,3,2154.19,0,פעיל,6462.57,6462.57,0
3/2026,עירית כפר קרע,10406544,318188,אלמוסתקבל,01/2026,א-ו חנ"מ,002,שרתים,0,3,2184.66,0,פעיל,6553.98,6553.98,0
3/2026,עירית כפר קרע,10406544,318188,אלמוסתקבל,02/2026,א-ו חנ"מ,002,שרתים,0,3,2184.66,0,פעיל,6553.98,6553.98,0
3/2026,עירית כפר קרע,10406544,318188,אלמוסתקבל,03/2026,א-ו חנ"מ,002,שרתים,0,3,2184.66,0,פעיל,6553.98,0,6553.98
3/2026,עירית כפר קרע,10406544,318188,אלמוסתקבל,09/2024,א-יב חנ"מ,107,מזכירים,0,3,646.11,0,פעיל,1938.33,1938.33,0
3/2026,עירית כפר קרע,10406544,318188,אלמוסתקבל,10/2024,א-יב חנ"מ,107,מזכירים,0,3,710.95,0,פעיל,2132.85,2132.85,0
3/2026,עירית כפר קרע,10406544,318188,אלמוסתקבל,11/2024,א-יב חנ"מ,107,מזכירים,0,3,653.88,0,פעיל,1961.64,1961.64,0
3/2026,עירית כפר קרע,10406544,318188,אלמוסתקבל,12/2024,א-יב חנ"מ,107,מזכירים,0,3,645.41,0,פעיל,1936.23,1936.23,0
3/2026,עירית כפר קרע,10406544,318188,אלמוסתקבל,01/2025,א-יב חנ"מ,107,מזכירים,0,3,649.74,0,פעיל,1949.22,1949.22,0
3/2026,עירית כפר קרע,10406544,318188,אלמוסתקבל,02/2025,א-יב חנ"מ,107,מזכירים,0,3,649.74,0,פעיל,1949.22,1949.22,0
3/2026,עירית כפר קרע,10406544,318188,אלמוסתקבל,03/2025,א-יב חנ"מ,107,מזכירים,0,3,649.74,0,פעיל,1949.22,1949.22,0
3/2026,עירית כפר קרע,10406544,318188,אלמוסתקבל,04/2025,א-יב חנ"מ,107,מזכירים,0,3,683.45,0,פעיל,2050.35,2050.35,0
3/2026,עירית כפר קרע,10406544,318188,אלמוסתקבל,05/2025,א-יב חנ"מ,107,מזכירים,0,3,683.45,0,פעיל,2050.35,2050.35,0
3/2026,עירית כפר קרע,10406544,318188,אלמוסתקבל,06/2025,א-יב חנ"מ,107,מזכירים,0,3,1086.59,0,פעיל,3259.77,3259.77,0
3/2026,עירית כפר קרע,10406544,318188,אלמוסתקבל,07/2025,א-יב חנ"מ,107,מזכירים,0,3,812.98,0,פעיל,2438.94,2438.94,0
3/2026,עירית כפר קרע,10406544,318188,אלמוסתקבל,08/2025,א-יב חנ"מ,107,מזכירים,0,3,683.45,0,פעיל,2050.35,2050.35,0
3/2026,עירית כפר קרע,10406544,318188,אלמוסתקבל,09/2025,א-יב חנ"מ,107,מזכירים,0,3,683.45,0,פעיל,2050.35,2050.35,0
3/2026,עירית כפר קרע,10406544,318188,אלמוסתקבל,10/2025,א-יב חנ"מ,107,מזכירים,0,3,742.36,0,פעיל,2227.08,2227.08,0
3/2026,עירית כפר קרע,10406544,318188,אלמוסתקבל,11/2025,א-יב חנ"מ,107,מזכירים,0,3,683.45,0,פעיל,2050.35,2050.35,0
3/2026,עירית כפר קרע,10406544,318188,אלמוסתקבל,12/2025,א-יב חנ"מ,107,מזכירים,0,3,683.45,0,פעיל,2050.35,2050.35,0
3/2026,עירית כפר קרע,10406544,318188,אלמוסתקבל,01/2026,א-יב חנ"מ,107,מזכירים,0,3,693.23,0,פעיל,2079.69,2079.69,0
3/2026,עירית כפר קרע,10406544,318188,אלמוסתקבל,02/2026,א-יב חנ"מ,107,מזכירים,0,3,693.23,0,פעיל,2079.69,2079.69,0
3/2026,עירית כפר קרע,10406544,318188,אלמוסתקבל,03/2026,א-יב חנ"מ,107,מזכירים,0,3,693.23,0,פעיל,2079.69,0,2079.69
3/2026,עירית כפר קרע,10406544,318188,אלמוסתקבל,09/2024,א - ו,571,ניהול עצמי משופר א-ו,610,0,88.52,0,פעיל,53997.2,53997.2,0
3/2026,עירית כפר קרע,10406544,318188,אלמוסתקבל,10/2024,א - ו,571,ניהול עצמי משופר א-ו,612,0,97.41,0,פעיל,59614.92,59614.92,0
3/2026,עירית כפר קרע,10406544,318188,אלמוסתקבל,11/2024,א - ו,571,ניהול עצמי משופר א-ו,614,0,89.59,0,פעיל,55008.26,55008.26,0
3/2026,עירית כפר קרע,10406544,318188,אלמוסתקבל,12/2024,א - ו,571,ניהול עצמי משופר א-ו,614,0,88.41,0,פעיל,54283.74,54283.74,0
3/2026,עירית כפר קרע,10406544,318188,אלמוסתקבל,01/2025,א - ו,571,ניהול עצמי משופר א-ו,613,0,89,0,פעיל,54557,54557,0
3/2026,עירית כפר קרע,10406544,318188,אלמוסתקבל,02/2025,א - ו,571,ניהול עצמי משופר א-ו,613,0,89,0,פעיל,54557,54557,0
3/2026,עירית כפר קרע,10406544,318188,אלמוסתקבל,03/2025,א - ו,571,ניהול עצמי משופר א-ו,611,0,89,0,פעיל,54379,54379,0
3/2026,עירית כפר קרע,10406544,318188,אלמוסתקבל,04/2025,א - ו,571,ניהול עצמי משופר א-ו,611,0,93.65,0,פעיל,57220.15,57220.15,0
3/2026,עירית כפר קרע,10406544,318188,אלמוסתקבל,05/2025,א - ו,571,ניהול עצמי משופר א-ו,611,0,93.65,0,פעיל,57220.15,57220.15,0
3/2026,עירית כפר קרע,10406544,318188,אלמוסתקבל,06/2025,א - ו,571,ניהול עצמי משופר א-ו,611,0,148.91,0,פעיל,90984.01,90984.01,0
3/2026,עירית כפר קרע,10406544,318188,אלמוסתקבל,07/2025,א - ו,571,ניהול עצמי משופר א-ו,611,0,111.41,0,פעיל,68071.51,68071.51,0
3/2026,עירית כפר קרע,10406544,318188,אלמוסתקבל,08/2025,א - ו,571,ניהול עצמי משופר א-ו,611,0,93.65,0,פעיל,57220.15,57220.15,0
3/2026,עירית כפר קרע,10406544,318188,אלמוסתקבל,09/2025,א - ו,571,ניהול עצמי משופר א-ו,633,0,93.65,0,פעיל,59280.45,59280.45,0
3/2026,עירית כפר קרע,10406544,318188,אלמוסתקבל,10/2025,א - ו,571,ניהול עצמי משופר א-ו,633,0,101.73,0,פעיל,64395.09,64395.09,0
3/2026,עירית כפר קרע,10406544,318188,אלמוסתקבל,11/2025,א - ו,571,ניהול עצמי משופר א-ו,634,0,93.65,0,פעיל,59374.1,59374.1,0
3/2026,עירית כפר קרע,10406544,318188,אלמוסתקבל,12/2025,א - ו,571,ניהול עצמי משופר א-ו,632,0,93.65,0,פעיל,59186.8,59093.15,93.65
3/2026,עירית כפר קרע,10406544,318188,אלמוסתקבל,01/2026,א - ו,571,ניהול עצמי משופר א-ו,632,0,94.98,0,פעיל,60027.36,59932.38,94.98
3/2026,עירית כפר קרע,10406544,318188,אלמוסתקבל,02/2026,א - ו,571,ניהול עצמי משופר א-ו,633,0,94.98,0,פעיל,60122.34,60122.34,0
3/2026,עירית כפר קרע,10406544,318188,אלמוסתקבל,03/2026,א - ו,571,ניהול עצמי משופר א-ו,633,0,94.98,0,פעיל,60122.34,0,60122.34
3/2026,עירית כפר קרע,10406544,318188,אלמוסתקבל,09/2024,א - ח,595,גמול מנהליות-נ. עצמי,1,19,236.17,0,פעיל,236.17,236.17,0
3/2026,עירית כפר קרע,10406544,318188,אלמוסתקבל,10/2024,א - ח,595,גמול מנהליות-נ. עצמי,1,19,236.17,0,פעיל,236.17,236.17,0
3/2026,עירית כפר קרע,10406544,318188,אלמוסתקבל,11/2024,א - ח,595,גמול מנהליות-נ. עצמי,1,19,236.17,0,פעיל,236.17,236.17,0
3/2026,עירית כפר קרע,10406544,318188,אלמוסתקבל,12/2024,א - ח,595,גמול מנהליות-נ. עצמי,1,19,236.17,0,פעיל,236.17,236.17,0
3/2026,עירית כפר קרע,10406544,318188,אלמוסתקבל,01/2025,א - ח,595,גמול מנהליות-נ. עצמי,1,19,236.17,0,פעיל,236.17,236.17,0
3/2026,עירית כפר קרע,10406544,318188,אלמוסתקבל,02/2025,א - ח,595,גמול מנהליות-נ. עצמי,1,19,236.17,0,פעיל,236.17,236.17,0
3/2026,עירית כפר קרע,10406544,318188,אלמוסתקבל,03/2025,א - ח,595,גמול מנהליות-נ. עצמי,1,19,236.17,0,פעיל,236.17,236.17,0
3/2026,עירית כפר קרע,10406544,318188,אלמוסתקבל,04/2025,א - ח,595,גמול מנהליות-נ. עצמי,1,19,248.75,0,פעיל,248.75,248.75,0
3/2026,עירית כפר קרע,10406544,318188,אלמוסתקבל,05/2025,א - ח,595,גמול מנהליות-נ. עצמי,1,19,248.75,0,פעיל,248.75,248.75,0
3/2026,עירית כפר קרע,10406544,318188,אלמוסתקבל,06/2025,א - ח,595,גמול מנהליות-נ. עצמי,1,19,248.75,0,פעיל,248.75,248.75,0
3/2026,עירית כפר קרע,10406544,318188,אלמוסתקבל,07/2025,א - ח,595,גמול מנהליות-נ. עצמי,1,19,248.75,0,פעיל,248.75,248.75,0
3/2026,עירית כפר קרע,10406544,318188,אלמוסתקבל,08/2025,א - ח,595,גמול מנהליות-נ. עצמי,1,19,248.75,0,פעיל,248.75,248.75,0
3/2026,עירית כפר קרע,10406544,318188,אלמוסתקבל,09/2025,א - ח,595,גמול מנהליות-נ. עצמי,1,19,248.75,0,פעיל,248.75,248.75,0
3/2026,עירית כפר קרע,10406544,318188,אלמוסתקבל,10/2025,א - ח,595,גמול מנהליות-נ. עצמי,1,19,248.75,0,פעיל,248.75,248.75,0
3/2026,עירית כפר קרע,10406544,318188,אלמוסתקבל,11/2025,א - ח,595,גמול מנהליות-נ. עצמי,1,19,248.75,0,פעיל,248.75,248.75,0
3/2026,עירית כפר קרע,10406544,318188,אלמוסתקבל,12/2025,א - ח,595,גמול מנהליות-נ. עצמי,1,19,248.75,0,פעיל,248.75,248.75,0
3/2026,עירית כפר קרע,10406544,318188,אלמוסתקבל,01/2026,א - ח,595,גמול מנהליות-נ. עצמי,1,19,248.75,0,פעיל,248.75,248.75,0
3/2026,עירית כפר קרע,10406544,318188,אלמוסתקבל,02/2026,א - ח,595,גמול מנהליות-נ. עצמי,1,19,248.75,0,פעיל,248.75,248.75,0
3/2026,עירית כפר קרע,10406544,318188,אלמוסתקבל,03/2026,א - ח,595,גמול מנהליות-נ. עצמי,1,19,248.75,0,פעיל,248.75,0,248.75
3/2026,עירית כפר קרע,10406544,318352,כפר קרע א,09/2024,א-ו חנ"מ,002,שרתים,0,1,2036.14,0,פעיל,2036.14,2036.14,0
3/2026,עירית כפר קרע,10406544,318352,כפר קרע א,10/2024,א-ו חנ"מ,002,שרתים,0,1,2240.61,0,פעיל,2240.61,2240.61,0
3/2026,עירית כפר קרע,10406544,318352,כפר קרע א,11/2024,א-ו חנ"מ,002,שרתים,0,1,2060.65,0,פעיל,2060.65,2060.65,0
3/2026,עירית כפר קרע,10406544,318352,כפר קרע א,12/2024,א-ו חנ"מ,002,שרתים,0,1,2033.27,0,פעיל,2033.27,2033.27,0
3/2026,עירית כפר קרע,10406544,318352,כפר קרע א,01/2025,א-ו חנ"מ,002,שרתים,0,1,2046.93,0,פעיל,2046.93,2046.93,0
3/2026,עירית כפר קרע,10406544,318352,כפר קרע א,02/2025,א-ו חנ"מ,002,שרתים,0,1,2046.93,0,פעיל,2046.93,2046.93,0
3/2026,עירית כפר קרע,10406544,318352,כפר קרע א,03/2025,א-ו חנ"מ,002,שרתים,0,1,2046.93,0,פעיל,2046.93,2046.93,0
3/2026,עירית כפר קרע,10406544,318352,כפר קרע א,04/2025,א-ו חנ"מ,002,שרתים,0,1,2154.19,0,פעיל,2154.19,2154.19,0
3/2026,עירית כפר קרע,10406544,318352,כפר קרע א,05/2025,א-ו חנ"מ,002,שרתים,0,1,2154.19,0,פעיל,2154.19,2154.19,0
3/2026,עירית כפר קרע,10406544,318352,כפר קרע א,06/2025,א-ו חנ"מ,002,שרתים,0,1,3425.39,0,פעיל,3425.39,3425.39,0
3/2026,עירית כפר קרע,10406544,318352,כפר קרע א,07/2025,א-ו חנ"מ,002,שרתים,0,1,2562.61,0,פעיל,2562.61,2562.61,0
3/2026,עירית כפר קרע,10406544,318352,כפר קרע א,08/2025,א-ו חנ"מ,002,שרתים,0,1,2154.19,0,פעיל,2154.19,2154.19,0
3/2026,עירית כפר קרע,10406544,318352,כפר קרע א,09/2025,א-ו חנ"מ,002,שרתים,0,1,2154.19,0,פעיל,2154.19,2154.19,0
3/2026,עירית כפר קרע,10406544,318352,כפר קרע א,10/2025,א-ו חנ"מ,002,שרתים,0,1,2339.95,0,פעיל,2339.95,2339.95,0
3/2026,עירית כפר קרע,10406544,318352,כפר קרע א,11/2025,א-ו חנ"מ,002,שרתים,0,1,2154.19,0,פעיל,2154.19,2154.19,0
3/2026,עירית כפר קרע,10406544,318352,כפר קרע א,12/2025,א-ו חנ"מ,002,שרתים,0,1,2154.19,0,פעיל,2154.19,2154.19,0
3/2026,עירית כפר קרע,10406544,318352,כפר קרע א,01/2026,א-ו חנ"מ,002,שרתים,0,1,2184.66,0,פעיל,2184.66,2184.66,0
3/2026,עירית כפר קרע,10406544,318352,כפר קרע א,02/2026,א-ו חנ"מ,002,שרתים,0,1,2184.66,0,פעיל,2184.66,2184.66,0
3/2026,עירית כפר קרע,10406544,318352,כפר קרע א,03/2026,א-ו חנ"מ,002,שרתים,0,1,2184.66,0,פעיל,2184.66,0,2184.66
3/2026,עירית כפר קרע,10406544,318352,כפר קרע א,09/2024,א-יב חנ"מ,107,מזכירים,0,1,646.11,0,פעיל,646.11,646.11,0
3/2026,עירית כפר קרע,10406544,318352,כפר קרע א,10/2024,א-יב חנ"מ,107,מזכירים,0,1,710.95,0,פעיל,710.95,710.95,0
3/2026,עירית כפר קרע,10406544,318352,כפר קרע א,11/2024,א-יב חנ"מ,107,מזכירים,0,1,653.88,0,פעיל,653.88,653.88,0
3/2026,עירית כפר קרע,10406544,318352,כפר קרע א,12/2024,א-יב חנ"מ,107,מזכירים,0,1,645.41,0,פעיל,645.41,645.41,0
3/2026,עירית כפר קרע,10406544,318352,כפר קרע א,01/2025,א-יב חנ"מ,107,מזכירים,0,1,649.74,0,פעיל,649.74,649.74,0
3/2026,עירית כפר קרע,10406544,318352,כפר קרע א,02/2025,א-יב חנ"מ,107,מזכירים,0,1,649.74,0,פעיל,649.74,649.74,0
3/2026,עירית כפר קרע,10406544,318352,כפר קרע א,03/2025,א-יב חנ"מ,107,מזכירים,0,1,649.74,0,פעיל,649.74,649.74,0
3/2026,עירית כפר קרע,10406544,318352,כפר קרע א,04/2025,א-יב חנ"מ,107,מזכירים,0,1,683.45,0,פעיל,683.45,683.45,0
3/2026,עירית כפר קרע,10406544,318352,כפר קרע א,05/2025,א-יב חנ"מ,107,מזכירים,0,1,683.45,0,פעיל,683.45,683.45,0
3/2026,עירית כפר קרע,10406544,318352,כפר קרע א,06/2025,א-יב חנ"מ,107,מזכירים,0,1,1086.59,0,פעיל,1086.59,1086.59,0
3/2026,עירית כפר קרע,10406544,318352,כפר קרע א,07/2025,א-יב חנ"מ,107,מזכירים,0,1,812.98,0,פעיל,812.98,812.98,0
3/2026,עירית כפר קרע,10406544,318352,כפר קרע א,08/2025,א-יב חנ"מ,107,מזכירים,0,1,683.45,0,פעיל,683.45,683.45,0
3/2026,עירית כפר קרע,10406544,318352,כפר קרע א,09/2025,א-יב חנ"מ,107,מזכירים,0,1,683.45,0,פעיל,683.45,683.45,0
3/2026,עירית כפר קרע,10406544,318352,כפר קרע א,10/2025,א-יב חנ"מ,107,מזכירים,0,1,742.36,0,פעיל,742.36,742.36,0
3/2026,עירית כפר קרע,10406544,318352,כפר קרע א,11/2025,א-יב חנ"מ,107,מזכירים,0,1,683.45,0,פעיל,683.45,683.45,0
3/2026,עירית כפר קרע,10406544,318352,כפר קרע א,12/2025,א-יב חנ"מ,107,מזכירים,0,1,683.45,0,פעיל,683.45,683.45,0
3/2026,עירית כפר קרע,10406544,318352,כפר קרע א,01/2026,א-יב חנ"מ,107,מזכירים,0,1,693.23,0,פעיל,693.23,693.23,0
3/2026,עירית כפר קרע,10406544,318352,כפר קרע א,02/2026,א-יב חנ"מ,107,מזכירים,0,1,693.23,0,פעיל,693.23,693.23,0
3/2026,עירית כפר קרע,10406544,318352,כפר קרע א,03/2026,א-יב חנ"מ,107,מזכירים,0,1,693.23,0,פעיל,693.23,0,693.23
3/2026,עירית כפר קרע,10406544,318352,כפר קרע א,09/2024,א - ו,571,ניהול עצמי משופר א-ו,178,0,88.52,0,פעיל,15756.56,15756.56,0
3/2026,עירית כפר קרע,10406544,318352,כפר קרע א,10/2024,א - ו,571,ניהול עצמי משופר א-ו,175,0,97.41,0,פעיל,17046.75,17046.75,0
3/2026,עירית כפר קרע,10406544,318352,כפר קרע א,11/2024,א - ו,571,ניהול עצמי משופר א-ו,173,0,89.59,0,פעיל,15499.07,15499.07,0
3/2026,עירית כפר קרע,10406544,318352,כפר קרע א,12/2024,א - ו,571,ניהול עצמי משופר א-ו,176,0,88.41,0,פעיל,15560.16,15560.16,0
3/2026,עירית כפר קרע,10406544,318352,כפר קרע א,01/2025,א - ו,571,ניהול עצמי משופר א-ו,176,0,89,0,פעיל,15664,15664,0
3/2026,עירית כפר קרע,10406544,318352,כפר קרע א,02/2025,א - ו,571,ניהול עצמי משופר א-ו,176,0,89,0,פעיל,15664,15664,0
3/2026,עירית כפר קרע,10406544,318352,כפר קרע א,03/2025,א - ו,571,ניהול עצמי משופר א-ו,175,0,89,0,פעיל,15575,15575,0
3/2026,עירית כפר קרע,10406544,318352,כפר קרע א,04/2025,א - ו,571,ניהול עצמי משופר א-ו,175,0,93.65,0,פעיל,16388.75,16388.75,0
3/2026,עירית כפר קרע,10406544,318352,כפר קרע א,05/2025,א - ו,571,ניהול עצמי משופר א-ו,175,0,93.65,0,פעיל,16388.75,16388.75,0
3/2026,עירית כפר קרע,10406544,318352,כפר קרע א,06/2025,א - ו,571,ניהול עצמי משופר א-ו,175,0,148.91,0,פעיל,26059.25,26059.25,0
3/2026,עירית כפר קרע,10406544,318352,כפר קרע א,07/2025,א - ו,571,ניהול עצמי משופר א-ו,175,0,111.41,0,פעיל,19496.75,19496.75,0
3/2026,עירית כפר קרע,10406544,318352,כפר קרע א,08/2025,א - ו,571,ניהול עצמי משופר א-ו,175,0,93.65,0,פעיל,16388.75,16388.75,0
3/2026,עירית כפר קרע,10406544,318352,כפר קרע א,09/2025,א - ו,571,ניהול עצמי משופר א-ו,189,0,93.65,0,פעיל,17699.85,17699.85,0
3/2026,עירית כפר קרע,10406544,318352,כפר קרע א,10/2025,א - ו,571,ניהול עצמי משופר א-ו,193,0,101.73,0,פעיל,19633.89,19633.89,0
3/2026,עירית כפר קרע,10406544,318352,כפר קרע א,11/2025,א - ו,571,ניהול עצמי משופר א-ו,192,0,93.65,0,פעיל,17980.8,17980.8,0
3/2026,עירית כפר קרע,10406544,318352,כפר קרע א,12/2025,א - ו,571,ניהול עצמי משופר א-ו,191,0,93.65,0,פעיל,17887.15,17887.15,0
3/2026,עירית כפר קרע,10406544,318352,כפר קרע א,01/2026,א - ו,571,ניהול עצמי משופר א-ו,191,0,94.98,0,פעיל,18141.18,18141.18,0
3/2026,עירית כפר קרע,10406544,318352,כפר קרע א,02/2026,א - ו,571,ניהול עצמי משופר א-ו,191,0,94.98,0,פעיל,18141.18,18141.18,0
3/2026,עירית כפר קרע,10406544,318352,כפר קרע א,03/2026,א - ו,571,ניהול עצמי משופר א-ו,190,0,94.98,0,פעיל,18046.2,0,18046.2
3/2026,עירית כפר קרע,10406544,318352,כפר קרע א,09/2024,א - ח,595,גמול מנהליות-נ. עצמי,1,6,236.17,0,פעיל,236.17,236.17,0
3/2026,עירית כפר קרע,10406544,318352,כפר קרע א,10/2024,א - ח,595,גמול מנהליות-נ. עצמי,1,6,236.17,0,פעיל,236.17,236.17,0
3/2026,עירית כפר קרע,10406544,318352,כפר קרע א,11/2024,א - ח,595,גמול מנהליות-נ. עצמי,1,6,236.17,0,פעיל,236.17,236.17,0
3/2026,עירית כפר קרע,10406544,318352,כפר קרע א,12/2024,א - ח,595,גמול מנהליות-נ. עצמי,1,6,236.17,0,פעיל,236.17,236.17,0
3/2026,עירית כפר קרע,10406544,318352,כפר קרע א,01/2025,א - ח,595,גמול מנהליות-נ. עצמי,1,6,236.17,0,פעיל,236.17,236.17,0
3/2026,עירית כפר קרע,10406544,318352,כפר קרע א,02/2025,א - ח,595,גמול מנהליות-נ. עצמי,1,6,236.17,0,פעיל,236.17,236.17,0
3/2026,עירית כפר קרע,10406544,318352,כפר קרע א,03/2025,א - ח,595,גמול מנהליות-נ. עצמי,1,6,236.17,0,פעיל,236.17,236.17,0
3/2026,עירית כפר קרע,10406544,318352,כפר קרע א,04/2025,א - ח,595,גמול מנהליות-נ. עצמי,1,6,248.75,0,פעיל,248.75,248.75,0
3/2026,עירית כפר קרע,10406544,318352,כפר קרע א,05/2025,א - ח,595,גמול מנהליות-נ. עצמי,1,6,248.75,0,פעיל,248.75,248.75,0
3/2026,עירית כפר קרע,10406544,318352,כפר קרע א,06/2025,א - ח,595,גמול מנהליות-נ. עצמי,1,6,248.75,0,פעיל,248.75,248.75,0
3/2026,עירית כפר קרע,10406544,318352,כפר קרע א,07/2025,א - ח,595,גמול מנהליות-נ. עצמי,1,6,248.75,0,פעיל,248.75,248.75,0
3/2026,עירית כפר קרע,10406544,318352,כפר קרע א,08/2025,א - ח,595,גמול מנהליות-נ. עצמי,1,6,248.75,0,פעיל,248.75,248.75,0
3/2026,עירית כפר קרע,10406544,318352,כפר קרע א,09/2025,א - ח,595,גמול מנהליות-נ. עצמי,1,7,248.75,0,פעיל,248.75,248.75,0
3/2026,עירית כפר קרע,10406544,318352,כפר קרע א,10/2025,א - ח,595,גמול מנהליות-נ. עצמי,1,7,248.75,0,פעיל,248.75,248.75,0
3/2026,עירית כפר קרע,10406544,318352,כפר קרע א,11/2025,א - ח,595,גמול מנהליות-נ. עצמי,1,7,248.75,0,פעיל,248.75,248.75,0
3/2026,עירית כפר קרע,10406544,318352,כפר קרע א,12/2025,א - ח,595,גמול מנהליות-נ. עצמי,1,7,248.75,0,פעיל,248.75,248.75,0
3/2026,עירית כפר קרע,10406544,318352,כפר קרע א,01/2026,א - ח,595,גמול מנהליות-נ. עצמי,1,7,248.75,0,פעיל,248.75,248.75,0
3/2026,עירית כפר קרע,10406544,318352,כפר קרע א,02/2026,א - ח,595,גמול מנהליות-נ. עצמי,1,7,248.75,0,פעיל,248.75,248.75,0
3/2026,עירית כפר קרע,10406544,318352,כפר קרע א,03/2026,א - ח,595,גמול מנהליות-נ. עצמי,1,7,248.75,0,פעיל,248.75,0,248.75
3/2026,עירית כפר קרע,10406544,318576,אלחכים,09/2024,א-ו חנ"מ,002,שרתים,0,2,2036.14,0,פעיל,4072.28,4072.28,0
3/2026,עירית כפר קרע,10406544,318576,אלחכים,10/2024,א-ו חנ"מ,002,שרתים,0,2,2240.61,0,פעיל,4481.22,4481.22,0
3/2026,עירית כפר קרע,10406544,318576,אלחכים,11/2024,א-ו חנ"מ,002,שרתים,0,2,2060.65,0,פעיל,4121.3,4121.3,0
3/2026,עירית כפר קרע,10406544,318576,אלחכים,12/2024,א-ו חנ"מ,002,שרתים,0,2,2033.27,0,פעיל,4066.54,4066.54,0
3/2026,עירית כפר קרע,10406544,318576,אלחכים,01/2025,א-ו חנ"מ,002,שרתים,0,2,2046.93,0,פעיל,4093.86,4093.86,0
3/2026,עירית כפר קרע,10406544,318576,אלחכים,02/2025,א-ו חנ"מ,002,שרתים,0,2,2046.93,0,פעיל,4093.86,4093.86,0
3/2026,עירית כפר קרע,10406544,318576,אלחכים,03/2025,א-ו חנ"מ,002,שרתים,0,2,2046.93,0,פעיל,4093.86,4093.86,0
3/2026,עירית כפר קרע,10406544,318576,אלחכים,04/2025,א-ו חנ"מ,002,שרתים,0,2,2154.19,0,פעיל,4308.38,4308.38,0
3/2026,עירית כפר קרע,10406544,318576,אלחכים,05/2025,א-ו חנ"מ,002,שרתים,0,2,2154.19,0,פעיל,4308.38,4308.38,0
3/2026,עירית כפר קרע,10406544,318576,אלחכים,06/2025,א-ו חנ"מ,002,שרתים,0,2,3425.39,0,פעיל,6850.78,6850.78,0
3/2026,עירית כפר קרע,10406544,318576,אלחכים,07/2025,א-ו חנ"מ,002,שרתים,0,2,2562.61,0,פעיל,5125.22,5125.22,0
3/2026,עירית כפר קרע,10406544,318576,אלחכים,08/2025,א-ו חנ"מ,002,שרתים,0,2,2154.19,0,פעיל,4308.38,4308.38,0
3/2026,עירית כפר קרע,10406544,318576,אלחכים,09/2025,א-ו חנ"מ,002,שרתים,0,2,2154.19,0,פעיל,4308.38,4308.38,0
3/2026,עירית כפר קרע,10406544,318576,אלחכים,10/2025,א-ו חנ"מ,002,שרתים,0,2,2339.95,0,פעיל,4679.9,4679.9,0
3/2026,עירית כפר קרע,10406544,318576,אלחכים,11/2025,א-ו חנ"מ,002,שרתים,0,2,2154.19,0,פעיל,4308.38,4308.38,0
3/2026,עירית כפר קרע,10406544,318576,אלחכים,12/2025,א-ו חנ"מ,002,שרתים,0,2,2154.19,0,פעיל,4308.38,4308.38,0
3/2026,עירית כפר קרע,10406544,318576,אלחכים,01/2026,א-ו חנ"מ,002,שרתים,0,2,2184.66,0,פעיל,4369.32,4369.32,0
3/2026,עירית כפר קרע,10406544,318576,אלחכים,02/2026,א-ו חנ"מ,002,שרתים,0,2,2184.66,0,פעיל,4369.32,4369.32,0
3/2026,עירית כפר קרע,10406544,318576,אלחכים,03/2026,א-ו חנ"מ,002,שרתים,0,2,2184.66,0,פעיל,4369.32,0,4369.32
3/2026,עירית כפר קרע,10406544,318576,אלחכים,09/2024,א-יב חנ"מ,107,מזכירים,0,2,646.11,0,פעיל,1292.22,1292.22,0
3/2026,עירית כפר קרע,10406544,318576,אלחכים,10/2024,א-יב חנ"מ,107,מזכירים,0,2,710.95,0,פעיל,1421.9,1421.9,0
3/2026,עירית כפר קרע,10406544,318576,אלחכים,11/2024,א-יב חנ"מ,107,מזכירים,0,2,653.88,0,פעיל,1307.76,1307.76,0
3/2026,עירית כפר קרע,10406544,318576,אלחכים,12/2024,א-יב חנ"מ,107,מזכירים,0,2,645.41,0,פעיל,1290.82,1290.82,0
3/2026,עירית כפר קרע,10406544,318576,אלחכים,01/2025,א-יב חנ"מ,107,מזכירים,0,2,649.74,0,פעיל,1299.48,1299.48,0
3/2026,עירית כפר קרע,10406544,318576,אלחכים,02/2025,א-יב חנ"מ,107,מזכירים,0,2,649.74,0,פעיל,1299.48,1299.48,0
3/2026,עירית כפר קרע,10406544,318576,אלחכים,03/2025,א-יב חנ"מ,107,מזכירים,0,2,649.74,0,פעיל,1299.48,1299.48,0
3/2026,עירית כפר קרע,10406544,318576,אלחכים,04/2025,א-יב חנ"מ,107,מזכירים,0,2,683.45,0,פעיל,1366.9,1366.9,0
3/2026,עירית כפר קרע,10406544,318576,אלחכים,05/2025,א-יב חנ"מ,107,מזכירים,0,2,683.45,0,פעיל,1366.9,1366.9,0
3/2026,עירית כפר קרע,10406544,318576,אלחכים,06/2025,א-יב חנ"מ,107,מזכירים,0,2,1086.59,0,פעיל,2173.18,2173.18,0
3/2026,עירית כפר קרע,10406544,318576,אלחכים,07/2025,א-יב חנ"מ,107,מזכירים,0,2,812.98,0,פעיל,1625.96,1625.96,0
3/2026,עירית כפר קרע,10406544,318576,אלחכים,08/2025,א-יב חנ"מ,107,מזכירים,0,2,683.45,0,פעיל,1366.9,1366.9,0
3/2026,עירית כפר קרע,10406544,318576,אלחכים,09/2025,א-יב חנ"מ,107,מזכירים,0,2,683.45,0,פעיל,1366.9,1366.9,0
3/2026,עירית כפר קרע,10406544,318576,אלחכים,10/2025,א-יב חנ"מ,107,מזכירים,0,2,742.36,0,פעיל,1484.72,1484.72,0
3/2026,עירית כפר קרע,10406544,318576,אלחכים,11/2025,א-יב חנ"מ,107,מזכירים,0,2,683.45,0,פעיל,1366.9,1366.9,0
3/2026,עירית כפר קרע,10406544,318576,אלחכים,12/2025,א-יב חנ"מ,107,מזכירים,0,2,683.45,0,פעיל,1366.9,1366.9,0
3/2026,עירית כפר קרע,10406544,318576,אלחכים,01/2026,א-יב חנ"מ,107,מזכירים,0,2,693.23,0,פעיל,1386.46,1386.46,0
3/2026,עירית כפר קרע,10406544,318576,אלחכים,02/2026,א-יב חנ"מ,107,מזכירים,0,2,693.23,0,פעיל,1386.46,1386.46,0
3/2026,עירית כפר קרע,10406544,318576,אלחכים,03/2026,א-יב חנ"מ,107,מזכירים,0,2,693.23,0,פעיל,1386.46,0,1386.46
3/2026,עירית כפר קרע,10406544,318576,אלחכים,09/2024,א - ו,571,ניהול עצמי משופר א-ו,578,0,88.52,0,פעיל,51164.56,51164.56,0
3/2026,עירית כפר קרע,10406544,318576,אלחכים,10/2024,א - ו,571,ניהול עצמי משופר א-ו,579,0,97.41,0,פעיל,56400.39,56400.39,0
3/2026,עירית כפר קרע,10406544,318576,אלחכים,11/2024,א - ו,571,ניהול עצמי משופר א-ו,579,0,89.59,0,פעיל,51872.61,51872.61,0
3/2026,עירית כפר קרע,10406544,318576,אלחכים,12/2024,א - ו,571,ניהול עצמי משופר א-ו,579,0,88.41,0,פעיל,51189.39,51189.39,0
3/2026,עירית כפר קרע,10406544,318576,אלחכים,01/2025,א - ו,571,ניהול עצמי משופר א-ו,579,0,89,0,פעיל,51531,51531,0
3/2026,עירית כפר קרע,10406544,318576,אלחכים,02/2025,א - ו,571,ניהול עצמי משופר א-ו,580,0,89,0,פעיל,51620,51620,0
3/2026,עירית כפר קרע,10406544,318576,אלחכים,03/2025,א - ו,571,ניהול עצמי משופר א-ו,580,0,89,0,פעיל,51620,51620,0
3/2026,עירית כפר קרע,10406544,318576,אלחכים,04/2025,א - ו,571,ניהול עצמי משופר א-ו,581,0,93.65,0,פעיל,54410.65,54410.65,0
3/2026,עירית כפר קרע,10406544,318576,אלחכים,05/2025,א - ו,571,ניהול עצמי משופר א-ו,584,0,93.65,0,פעיל,54691.6,54691.6,0
3/2026,עירית כפר קרע,10406544,318576,אלחכים,06/2025,א - ו,571,ניהול עצמי משופר א-ו,584,0,148.91,0,פעיל,86963.44,86963.44,0
3/2026,עירית כפר קרע,10406544,318576,אלחכים,07/2025,א - ו,571,ניהול עצמי משופר א-ו,584,0,111.41,0,פעיל,65063.44,65063.44,0
3/2026,עירית כפר קרע,10406544,318576,אלחכים,08/2025,א - ו,571,ניהול עצמי משופר א-ו,584,0,93.65,0,פעיל,54691.6,54691.6,0
3/2026,עירית כפר קרע,10406544,318576,אלחכים,09/2025,א - ו,571,ניהול עצמי משופר א-ו,583,0,93.65,0,פעיל,54597.95,54597.95,0
3/2026,עירית כפר קרע,10406544,318576,אלחכים,10/2025,א - ו,571,ניהול עצמי משופר א-ו,582,0,101.73,0,פעיל,59206.86,59206.86,0
3/2026,עירית כפר קרע,10406544,318576,אלחכים,11/2025,א - ו,571,ניהול עצמי משופר א-ו,582,0,93.65,0,פעיל,54504.3,54504.3,0
3/2026,עירית כפר קרע,10406544,318576,אלחכים,12/2025,א - ו,571,ניהול עצמי משופר א-ו,581,0,93.65,0,פעיל,54410.65,54410.65,0
3/2026,עירית כפר קרע,10406544,318576,אלחכים,01/2026,א - ו,571,ניהול עצמי משופר א-ו,581,0,94.98,0,פעיל,55183.38,55183.38,0
3/2026,עירית כפר קרע,10406544,318576,אלחכים,02/2026,א - ו,571,ניהול עצמי משופר א-ו,581,0,94.98,0,פעיל,55183.38,55183.38,0
3/2026,עירית כפר קרע,10406544,318576,אלחכים,03/2026,א - ו,571,ניהול עצמי משופר א-ו,581,0,94.98,0,פעיל,55183.38,0,55183.38
3/2026,עירית כפר קרע,10406544,318576,אלחכים,09/2024,א - ח,595,גמול מנהליות-נ. עצמי,1,18,236.17,0,פעיל,236.17,236.17,0
3/2026,עירית כפר קרע,10406544,318576,אלחכים,10/2024,א - ח,595,גמול מנהליות-נ. עצמי,1,18,236.17,0,פעיל,236.17,236.17,0
3/2026,עירית כפר קרע,10406544,318576,אלחכים,11/2024,א - ח,595,גמול מנהליות-נ. עצמי,1,18,236.17,0,פעיל,236.17,236.17,0
3/2026,עירית כפר קרע,10406544,318576,אלחכים,12/2024,א - ח,595,גמול מנהליות-נ. עצמי,1,18,236.17,0,פעיל,236.17,236.17,0
3/2026,עירית כפר קרע,10406544,318576,אלחכים,01/2025,א - ח,595,גמול מנהליות-נ. עצמי,1,18,236.17,0,פעיל,236.17,236.17,0
3/2026,עירית כפר קרע,10406544,318576,אלחכים,02/2025,א - ח,595,גמול מנהליות-נ. עצמי,1,18,236.17,0,פעיל,236.17,236.17,0
3/2026,עירית כפר קרע,10406544,318576,אלחכים,03/2025,א - ח,595,גמול מנהליות-נ. עצמי,1,18,236.17,0,פעיל,236.17,236.17,0
3/2026,עירית כפר קרע,10406544,318576,אלחכים,04/2025,א - ח,595,גמול מנהליות-נ. עצמי,1,18,248.75,0,פעיל,248.75,248.75,0
3/2026,עירית כפר קרע,10406544,318576,אלחכים,05/2025,א - ח,595,גמול מנהליות-נ. עצמי,1,18,248.75,0,פעיל,248.75,248.75,0
3/2026,עירית כפר קרע,10406544,318576,אלחכים,06/2025,א - ח,595,גמול מנהליות-נ. עצמי,1,18,248.75,0,פעיל,248.75,248.75,0
3/2026,עירית כפר קרע,10406544,318576,אלחכים,07/2025,א - ח,595,גמול מנהליות-נ. עצמי,1,18,248.75,0,פעיל,248.75,248.75,0
3/2026,עירית כפר קרע,10406544,318576,אלחכים,08/2025,א - ח,595,גמול מנהליות-נ. עצמי,1,18,248.75,0,פעיל,248.75,248.75,0
3/2026,עירית כפר קרע,10406544,318576,אלחכים,09/2025,א - ח,595,גמול מנהליות-נ. עצמי,1,18,248.75,0,פעיל,248.75,248.75,0
3/2026,עירית כפר קרע,10406544,318576,אלחכים,10/2025,א - ח,595,גמול מנהליות-נ. עצמי,1,18,248.75,0,פעיל,248.75,248.75,0
3/2026,עירית כפר קרע,10406544,318576,אלחכים,11/2025,א - ח,595,גמול מנהליות-נ. עצמי,1,18,248.75,0,פעיל,248.75,248.75,0
3/2026,עירית כפר קרע,10406544,318576,אלחכים,12/2025,א - ח,595,גמול מנהליות-נ. עצמי,1,18,248.75,0,פעיל,248.75,248.75,0
3/2026,עירית כפר קרע,10406544,318576,אלחכים,01/2026,א - ח,595,גמול מנהליות-נ. עצמי,1,18,248.75,0,פעיל,248.75,248.75,0
3/2026,עירית כפר קרע,10406544,318576,אלחכים,02/2026,א - ח,595,גמול מנהליות-נ. עצמי,1,18,248.75,0,פעיל,248.75,248.75,0
3/2026,עירית כפר קרע,10406544,318576,אלחכים,03/2026,א - ח,595,גמול מנהליות-נ. עצמי,1,18,248.75,0,פעיל,248.75,0,248.75
3/2026,עירית כפר קרע,10406544,328153,יד ביד גשר על,09/2024,א - ו,571,ניהול עצמי משופר א-ו,142,0,88.52,0,פעיל,12569.84,12569.84,0
3/2026,עירית כפר קרע,10406544,328153,יד ביד גשר על,10/2024,א - ו,571,ניהול עצמי משופר א-ו,144,0,97.41,0,פעיל,14027.04,14027.04,0
3/2026,עירית כפר קרע,10406544,328153,יד ביד גשר על,11/2024,א - ו,571,ניהול עצמי משופר א-ו,144,0,89.59,0,פעיל,12900.96,12900.96,0
3/2026,עירית כפר קרע,10406544,328153,יד ביד גשר על,12/2024,א - ו,571,ניהול עצמי משופר א-ו,146,0,88.41,0,פעיל,12907.86,12907.86,0
3/2026,עירית כפר קרע,10406544,328153,יד ביד גשר על,01/2025,א - ו,571,ניהול עצמי משופר א-ו,145,0,89,0,פעיל,12905,12905,0
3/2026,עירית כפר קרע,10406544,328153,יד ביד גשר על,02/2025,א - ו,571,ניהול עצמי משופר א-ו,145,0,89,0,פעיל,12905,12905,0
3/2026,עירית כפר קרע,10406544,328153,יד ביד גשר על,03/2025,א - ו,571,ניהול עצמי משופר א-ו,144,0,89,0,פעיל,12816,12816,0
3/2026,עירית כפר קרע,10406544,328153,יד ביד גשר על,04/2025,א - ו,571,ניהול עצמי משופר א-ו,145,0,93.65,0,פעיל,13579.25,13579.25,0
3/2026,עירית כפר קרע,10406544,328153,יד ביד גשר על,05/2025,א - ו,571,ניהול עצמי משופר א-ו,145,0,93.65,0,פעיל,13579.25,13579.25,0
3/2026,עירית כפר קרע,10406544,328153,יד ביד גשר על,06/2025,א - ו,571,ניהול עצמי משופר א-ו,145,0,148.91,0,פעיל,21591.95,21591.95,0
3/2026,עירית כפר קרע,10406544,328153,יד ביד גשר על,07/2025,א - ו,571,ניהול עצמי משופר א-ו,145,0,111.41,0,פעיל,16154.45,16154.45,0
3/2026,עירית כפר קרע,10406544,328153,יד ביד גשר על,08/2025,א - ו,571,ניהול עצמי משופר א-ו,145,0,93.65,0,פעיל,13579.25,13579.25,0
3/2026,עירית כפר קרע,10406544,328153,יד ביד גשר על,09/2025,א - ו,571,ניהול עצמי משופר א-ו,143,0,93.65,0,פעיל,13391.95,13391.95,0
3/2026,עירית כפר קרע,10406544,328153,יד ביד גשר על,10/2025,א - ו,571,ניהול עצמי משופר א-ו,143,0,101.73,0,פעיל,14547.39,14547.39,0
3/2026,עירית כפר קרע,10406544,328153,יד ביד גשר על,11/2025,א - ו,571,ניהול עצמי משופר א-ו,141,0,93.65,0,פעיל,13204.65,13204.65,0
3/2026,עירית כפר קרע,10406544,328153,יד ביד גשר על,12/2025,א - ו,571,ניהול עצמי משופר א-ו,144,0,93.65,0,פעיל,13485.6,13485.6,0
3/2026,עירית כפר קרע,10406544,328153,יד ביד גשר על,01/2026,א - ו,571,ניהול עצמי משופר א-ו,144,0,94.98,0,פעיל,13677.12,13677.12,0
3/2026,עירית כפר קרע,10406544,328153,יד ביד גשר על,02/2026,א - ו,571,ניהול עצמי משופר א-ו,144,0,94.98,0,פעיל,13677.12,13677.12,0
3/2026,עירית כפר קרע,10406544,328153,יד ביד גשר על,03/2026,א - ו,571,ניהול עצמי משופר א-ו,147,0,94.98,0,פעיל,13962.06,0,13962.06
3/2026,עירית כפר קרע,10406544,328153,יד ביד גשר על,09/2025,ז - ח,572,ניהול עצמי משופר ז-ח,0,0,75.96,0,פעיל,0,0,0
3/2026,עירית כפר קרע,10406544,338210,יסודי אלחוארנה,09/2024,א-ו חנ"מ,002,שרתים,0,2,2036.14,0,פעיל,4072.28,4072.28,0
3/2026,עירית כפר קרע,10406544,338210,יסודי אלחוארנה,10/2024,א-ו חנ"מ,002,שרתים,0,2,2240.61,0,פעיל,4481.22,4481.22,0
3/2026,עירית כפר קרע,10406544,338210,יסודי אלחוארנה,11/2024,א-ו חנ"מ,002,שרתים,0,2,2060.65,0,פעיל,4121.3,4121.3,0
3/2026,עירית כפר קרע,10406544,338210,יסודי אלחוארנה,12/2024,א-ו חנ"מ,002,שרתים,0,2,2033.27,0,פעיל,4066.54,4066.54,0
3/2026,עירית כפר קרע,10406544,338210,יסודי אלחוארנה,01/2025,א-ו חנ"מ,002,שרתים,0,2,2046.93,0,פעיל,4093.86,4093.86,0
3/2026,עירית כפר קרע,10406544,338210,יסודי אלחוארנה,02/2025,א-ו חנ"מ,002,שרתים,0,2,2046.93,0,פעיל,4093.86,4093.86,0
3/2026,עירית כפר קרע,10406544,338210,יסודי אלחוארנה,03/2025,א-ו חנ"מ,002,שרתים,0,2,2046.93,0,פעיל,4093.86,4093.86,0
3/2026,עירית כפר קרע,10406544,338210,יסודי אלחוארנה,04/2025,א-ו חנ"מ,002,שרתים,0,2,2154.19,0,פעיל,4308.38,4308.38,0
3/2026,עירית כפר קרע,10406544,338210,יסודי אלחוארנה,05/2025,א-ו חנ"מ,002,שרתים,0,2,2154.19,0,פעיל,4308.38,4308.38,0
3/2026,עירית כפר קרע,10406544,338210,יסודי אלחוארנה,06/2025,א-ו חנ"מ,002,שרתים,0,2,3425.39,0,פעיל,6850.78,6850.78,0
3/2026,עירית כפר קרע,10406544,338210,יסודי אלחוארנה,07/2025,א-ו חנ"מ,002,שרתים,0,2,2562.61,0,פעיל,5125.22,5125.22,0
3/2026,עירית כפר קרע,10406544,338210,יסודי אלחוארנה,08/2025,א-ו חנ"מ,002,שרתים,0,2,2154.19,0,פעיל,4308.38,4308.38,0
3/2026,עירית כפר קרע,10406544,338210,יסודי אלחוארנה,09/2025,א-ו חנ"מ,002,שרתים,0,2,2154.19,0,פעיל,4308.38,4308.38,0
3/2026,עירית כפר קרע,10406544,338210,יסודי אלחוארנה,10/2025,א-ו חנ"מ,002,שרתים,0,2,2339.95,0,פעיל,4679.9,4679.9,0
3/2026,עירית כפר קרע,10406544,338210,יסודי אלחוארנה,11/2025,א-ו חנ"מ,002,שרתים,0,2,2154.19,0,פעיל,4308.38,4308.38,0
3/2026,עירית כפר קרע,10406544,338210,יסודי אלחוארנה,12/2025,א-ו חנ"מ,002,שרתים,0,2,2154.19,0,פעיל,4308.38,4308.38,0
3/2026,עירית כפר קרע,10406544,338210,יסודי אלחוארנה,01/2026,א-ו חנ"מ,002,שרתים,0,2,2184.66,0,פעיל,4369.32,4369.32,0
3/2026,עירית כפר קרע,10406544,338210,יסודי אלחוארנה,02/2026,א-ו חנ"מ,002,שרתים,0,2,2184.66,0,פעיל,4369.32,4369.32,0
3/2026,עירית כפר קרע,10406544,338210,יסודי אלחוארנה,03/2026,א-ו חנ"מ,002,שרתים,0,2,2184.66,0,פעיל,4369.32,0,4369.32
3/2026,עירית כפר קרע,10406544,338210,יסודי אלחוארנה,09/2024,א-יב חנ"מ,107,מזכירים,0,2,646.11,0,פעיל,1292.22,1292.22,0
3/2026,עירית כפר קרע,10406544,338210,יסודי אלחוארנה,10/2024,א-יב חנ"מ,107,מזכירים,0,2,710.95,0,פעיל,1421.9,1421.9,0
3/2026,עירית כפר קרע,10406544,338210,יסודי אלחוארנה,11/2024,א-יב חנ"מ,107,מזכירים,0,2,653.88,0,פעיל,1307.76,1307.76,0
3/2026,עירית כפר קרע,10406544,338210,יסודי אלחוארנה,12/2024,א-יב חנ"מ,107,מזכירים,0,2,645.41,0,פעיל,1290.82,1290.82,0
3/2026,עירית כפר קרע,10406544,338210,יסודי אלחוארנה,01/2025,א-יב חנ"מ,107,מזכירים,0,2,649.74,0,פעיל,1299.48,1299.48,0
3/2026,עירית כפר קרע,10406544,338210,יסודי אלחוארנה,02/2025,א-יב חנ"מ,107,מזכירים,0,2,649.74,0,פעיל,1299.48,1299.48,0
3/2026,עירית כפר קרע,10406544,338210,יסודי אלחוארנה,03/2025,א-יב חנ"מ,107,מזכירים,0,2,649.74,0,פעיל,1299.48,1299.48,0
3/2026,עירית כפר קרע,10406544,338210,יסודי אלחוארנה,04/2025,א-יב חנ"מ,107,מזכירים,0,2,683.45,0,פעיל,1366.9,1366.9,0
3/2026,עירית כפר קרע,10406544,338210,יסודי אלחוארנה,05/2025,א-יב חנ"מ,107,מזכירים,0,2,683.45,0,פעיל,1366.9,1366.9,0
3/2026,עירית כפר קרע,10406544,338210,יסודי אלחוארנה,06/2025,א-יב חנ"מ,107,מזכירים,0,2,1086.59,0,פעיל,2173.18,2173.18,0
3/2026,עירית כפר קרע,10406544,338210,יסודי אלחוארנה,07/2025,א-יב חנ"מ,107,מזכירים,0,2,812.98,0,פעיל,1625.96,1625.96,0
3/2026,עירית כפר קרע,10406544,338210,יסודי אלחוארנה,08/2025,א-יב חנ"מ,107,מזכירים,0,2,683.45,0,פעיל,1366.9,1366.9,0
3/2026,עירית כפר קרע,10406544,338210,יסודי אלחוארנה,09/2025,א-יב חנ"מ,107,מזכירים,0,2,683.45,0,פעיל,1366.9,1366.9,0
3/2026,עירית כפר קרע,10406544,338210,יסודי אלחוארנה,10/2025,א-יב חנ"מ,107,מזכירים,0,2,742.36,0,פעיל,1484.72,1484.72,0
3/2026,עירית כפר קרע,10406544,338210,יסודי אלחוארנה,11/2025,א-יב חנ"מ,107,מזכירים,0,2,683.45,0,פעיל,1366.9,1366.9,0
3/2026,עירית כפר קרע,10406544,338210,יסודי אלחוארנה,12/2025,א-יב חנ"מ,107,מזכירים,0,2,683.45,0,פעיל,1366.9,1366.9,0
3/2026,עירית כפר קרע,10406544,338210,יסודי אלחוארנה,01/2026,א-יב חנ"מ,107,מזכירים,0,2,693.23,0,פעיל,1386.46,1386.46,0
3/2026,עירית כפר קרע,10406544,338210,יסודי אלחוארנה,02/2026,א-יב חנ"מ,107,מזכירים,0,2,693.23,0,פעיל,1386.46,1386.46,0
3/2026,עירית כפר קרע,10406544,338210,יסודי אלחוארנה,03/2026,א-יב חנ"מ,107,מזכירים,0,2,693.23,0,פעיל,1386.46,0,1386.46
3/2026,עירית כפר קרע,10406544,338210,יסודי אלחוארנה,09/2024,א - ו,571,ניהול עצמי משופר א-ו,599,0,88.52,0,פעיל,53023.48,53023.48,0
3/2026,עירית כפר קרע,10406544,338210,יסודי אלחוארנה,10/2024,א - ו,571,ניהול עצמי משופר א-ו,600,0,97.41,0,פעיל,58446,58446,0
3/2026,עירית כפר קרע,10406544,338210,יסודי אלחוארנה,11/2024,א - ו,571,ניהול עצמי משופר א-ו,602,0,89.59,0,פעיל,53933.18,53933.18,0
3/2026,עירית כפר קרע,10406544,338210,יסודי אלחוארנה,12/2024,א - ו,571,ניהול עצמי משופר א-ו,601,0,88.41,0,פעיל,53134.41,53134.41,0
3/2026,עירית כפר קרע,10406544,338210,יסודי אלחוארנה,01/2025,א - ו,571,ניהול עצמי משופר א-ו,602,0,89,0,פעיל,53578,53578,0
3/2026,עירית כפר קרע,10406544,338210,יסודי אלחוארנה,02/2025,א - ו,571,ניהול עצמי משופר א-ו,602,0,89,0,פעיל,53578,53578,0
3/2026,עירית כפר קרע,10406544,338210,יסודי אלחוארנה,03/2025,א - ו,571,ניהול עצמי משופר א-ו,602,0,89,0,פעיל,53578,53578,0
3/2026,עירית כפר קרע,10406544,338210,יסודי אלחוארנה,04/2025,א - ו,571,ניהול עצמי משופר א-ו,601,0,93.65,0,פעיל,56283.65,56283.65,0
3/2026,עירית כפר קרע,10406544,338210,יסודי אלחוארנה,05/2025,א - ו,571,ניהול עצמי משופר א-ו,601,0,93.65,0,פעיל,56283.65,56283.65,0
3/2026,עירית כפר קרע,10406544,338210,יסודי אלחוארנה,06/2025,א - ו,571,ניהול עצמי משופר א-ו,601,0,148.91,0,פעיל,89494.91,89494.91,0
3/2026,עירית כפר קרע,10406544,338210,יסודי אלחוארנה,07/2025,א - ו,571,ניהול עצמי משופר א-ו,601,0,111.41,0,פעיל,66957.41,66957.41,0
3/2026,עירית כפר קרע,10406544,338210,יסודי אלחוארנה,08/2025,א - ו,571,ניהול עצמי משופר א-ו,601,0,93.65,0,פעיל,56283.65,56283.65,0
3/2026,עירית כפר קרע,10406544,338210,יסודי אלחוארנה,09/2025,א - ו,571,ניהול עצמי משופר א-ו,585,0,93.65,0,פעיל,54785.25,54785.25,0
3/2026,עירית כפר קרע,10406544,338210,יסודי אלחוארנה,10/2025,א - ו,571,ניהול עצמי משופר א-ו,585,0,101.73,0,פעיל,59512.05,59512.05,0
3/2026,עירית כפר קרע,10406544,338210,יסודי אלחוארנה,11/2025,א - ו,571,ניהול עצמי משופר א-ו,591,0,93.65,0,פעיל,55347.15,55347.15,0
3/2026,עירית כפר קרע,10406544,338210,יסודי אלחוארנה,12/2025,א - ו,571,ניהול עצמי משופר א-ו,591,0,93.65,0,פעיל,55347.15,55347.15,0
3/2026,עירית כפר קרע,10406544,338210,יסודי אלחוארנה,01/2026,א - ו,571,ניהול עצמי משופר א-ו,590,0,94.98,0,פעיל,56038.2,56038.2,0
3/2026,עירית כפר קרע,10406544,338210,יסודי אלחוארנה,02/2026,א - ו,571,ניהול עצמי משופר א-ו,590,0,94.98,0,פעיל,56038.2,56038.2,0
3/2026,עירית כפר קרע,10406544,338210,יסודי אלחוארנה,03/2026,א - ו,571,ניהול עצמי משופר א-ו,590,0,94.98,0,פעיל,56038.2,0,56038.2
3/2026,עירית כפר קרע,10406544,338210,יסודי אלחוארנה,09/2024,א - ח,595,גמול מנהליות-נ. עצמי,1,19,236.17,0,פעיל,236.17,236.17,0
3/2026,עירית כפר קרע,10406544,338210,יסודי אלחוארנה,10/2024,א - ח,595,גמול מנהליות-נ. עצמי,1,19,236.17,0,פעיל,236.17,236.17,0
3/2026,עירית כפר קרע,10406544,338210,יסודי אלחוארנה,11/2024,א - ח,595,גמול מנהליות-נ. עצמי,1,19,236.17,0,פעיל,236.17,236.17,0
3/2026,עירית כפר קרע,10406544,338210,יסודי אלחוארנה,12/2024,א - ח,595,גמול מנהליות-נ. עצמי,1,19,236.17,0,פעיל,236.17,236.17,0
3/2026,עירית כפר קרע,10406544,338210,יסודי אלחוארנה,01/2025,א - ח,595,גמול מנהליות-נ. עצמי,1,19,236.17,0,פעיל,236.17,236.17,0
3/2026,עירית כפר קרע,10406544,338210,יסודי אלחוארנה,02/2025,א - ח,595,גמול מנהליות-נ. עצמי,1,19,236.17,0,פעיל,236.17,236.17,0
3/2026,עירית כפר קרע,10406544,338210,יסודי אלחוארנה,03/2025,א - ח,595,גמול מנהליות-נ. עצמי,1,19,236.17,0,פעיל,236.17,236.17,0
3/2026,עירית כפר קרע,10406544,338210,יסודי אלחוארנה,04/2025,א - ח,595,גמול מנהליות-נ. עצמי,1,19,248.75,0,פעיל,248.75,248.75,0
3/2026,עירית כפר קרע,10406544,338210,יסודי אלחוארנה,05/2025,א - ח,595,גמול מנהליות-נ. עצמי,1,19,248.75,0,פעיל,248.75,248.75,0
3/2026,עירית כפר קרע,10406544,338210,יסודי אלחוארנה,06/2025,א - ח,595,גמול מנהליות-נ. עצמי,1,19,248.75,0,פעיל,248.75,248.75,0
3/2026,עירית כפר קרע,10406544,338210,יסודי אלחוארנה,07/2025,א - ח,595,גמול מנהליות-נ. עצמי,1,19,248.75,0,פעיל,248.75,248.75,0
3/2026,עירית כפר קרע,10406544,338210,יסודי אלחוארנה,08/2025,א - ח,595,גמול מנהליות-נ. עצמי,1,19,248.75,0,פעיל,248.75,248.75,0
3/2026,עירית כפר קרע,10406544,338210,יסודי אלחוארנה,09/2025,א - ח,595,גמול מנהליות-נ. עצמי,1,18,248.75,0,פעיל,248.75,248.75,0
3/2026,עירית כפר קרע,10406544,338210,יסודי אלחוארנה,10/2025,א - ח,595,גמול מנהליות-נ. עצמי,1,18,248.75,0,פעיל,248.75,248.75,0
3/2026,עירית כפר קרע,10406544,338210,יסודי אלחוארנה,11/2025,א - ח,595,גמול מנהליות-נ. עצמי,1,19,248.75,0,פעיל,248.75,248.75,0
3/2026,עירית כפר קרע,10406544,338210,יסודי אלחוארנה,12/2025,א - ח,595,גמול מנהליות-נ. עצמי,1,19,248.75,0,פעיל,248.75,248.75,0
3/2026,עירית כפר קרע,10406544,338210,יסודי אלחוארנה,01/2026,א - ח,595,גמול מנהליות-נ. עצמי,1,19,248.75,0,פעיל,248.75,248.75,0
3/2026,עירית כפר קרע,10406544,338210,יסודי אלחוארנה,02/2026,א - ח,595,גמול מנהליות-נ. עצמי,1,19,248.75,0,פעיל,248.75,248.75,0
3/2026,עירית כפר קרע,10406544,338210,יסודי אלחוארנה,03/2026,א - ח,595,גמול מנהליות-נ. עצמי,1,19,248.75,0,פעיל,248.75,0,248.75
3/2026,עירית כפר קרע,10406544,348029,חט"ב אבן סינא,09/2024,עצמאי - כיתה ז,214,סל תל' לחט"ב,197,0,224.7,0,פעיל,44265.9,44265.9,0
3/2026,עירית כפר קרע,10406544,348029,חט"ב אבן סינא,09/2024,עצמאי - כיתה ח,214,סל תל' לחט"ב,201,0,224.7,0,פעיל,45164.7,45164.7,0
3/2026,עירית כפר קרע,10406544,348029,חט"ב אבן סינא,09/2024,עצמאי - כיתה ט,214,סל תל' לחט"ב,181,0,228.37,0,פעיל,41334.97,41334.97,0
3/2026,עירית כפר קרע,10406544,348029,חט"ב אבן סינא,10/2024,עצמאי - כיתה ז,214,סל תל' לחט"ב,197,0,246.64,0,פעיל,48588.08,48588.08,0
3/2026,עירית כפר קרע,10406544,348029,חט"ב אבן סינא,10/2024,עצמאי - כיתה ח,214,סל תל' לחט"ב,200,0,246.64,0,פעיל,49328,49328,0
3/2026,עירית כפר קרע,10406544,348029,חט"ב אבן סינא,10/2024,עצמאי - כיתה ט,214,סל תל' לחט"ב,177,0,250.67,0,פעיל,44368.59,44368.59,0
3/2026,עירית כפר קרע,10406544,348029,חט"ב אבן סינא,11/2024,עצמאי - כיתה ז,214,סל תל' לחט"ב,197,0,227.33,0,פעיל,44784.01,44784.01,0
3/2026,עירית כפר קרע,10406544,348029,חט"ב אבן סינא,11/2024,עצמאי - כיתה ח,214,סל תל' לחט"ב,200,0,227.33,0,פעיל,45466,45466,0
3/2026,עירית כפר קרע,10406544,348029,חט"ב אבן סינא,11/2024,עצמאי - כיתה ט,214,סל תל' לחט"ב,177,0,231.05,0,פעיל,40895.85,40895.85,0
3/2026,עירית כפר קרע,10406544,348029,חט"ב אבן סינא,12/2024,עצמאי - כיתה ז,214,סל תל' לחט"ב,197,0,224.56,0,פעיל,44238.32,44238.32,0
3/2026,עירית כפר קרע,10406544,348029,חט"ב אבן סינא,12/2024,עצמאי - כיתה ח,214,סל תל' לחט"ב,200,0,224.56,0,פעיל,44912,44912,0
3/2026,עירית כפר קרע,10406544,348029,חט"ב אבן סינא,12/2024,עצמאי - כיתה ט,214,סל תל' לחט"ב,177,0,228.23,0,פעיל,40396.71,40396.71,0
3/2026,עירית כפר קרע,10406544,348029,חט"ב אבן סינא,01/2025,עצמאי - כיתה ז,214,סל תל' לחט"ב,197,0,226.06,0,פעיל,44533.82,44533.82,0
3/2026,עירית כפר קרע,10406544,348029,חט"ב אבן סינא,01/2025,עצמאי - כיתה ח,214,סל תל' לחט"ב,200,0,226.06,0,פעיל,45212,45212,0
3/2026,עירית כפר קרע,10406544,348029,חט"ב אבן סינא,01/2025,עצמאי - כיתה ט,214,סל תל' לחט"ב,177,0,229.76,0,פעיל,40667.52,40667.52,0
3/2026,עירית כפר קרע,10406544,348029,חט"ב אבן סינא,02/2025,עצמאי - כיתה ז,214,סל תל' לחט"ב,198,0,226.06,0,פעיל,44759.88,44759.88,0
3/2026,עירית כפר קרע,10406544,348029,חט"ב אבן סינא,02/2025,עצמאי - כיתה ח,214,סל תל' לחט"ב,200,0,226.06,0,פעיל,45212,45212,0
3/2026,עירית כפר קרע,10406544,348029,חט"ב אבן סינא,02/2025,עצמאי - כיתה ט,214,סל תל' לחט"ב,177,0,229.76,0,פעיל,40667.52,40667.52,0
3/2026,עירית כפר קרע,10406544,348029,חט"ב אבן סינא,03/2025,עצמאי - כיתה ז,214,סל תל' לחט"ב,198,0,226.06,0,פעיל,44759.88,44759.88,0
3/2026,עירית כפר קרע,10406544,348029,חט"ב אבן סינא,03/2025,עצמאי - כיתה ח,214,סל תל' לחט"ב,200,0,226.06,0,פעיל,45212,45212,0
3/2026,עירית כפר קרע,10406544,348029,חט"ב אבן סינא,03/2025,עצמאי - כיתה ט,214,סל תל' לחט"ב,177,0,229.76,0,פעיל,40667.52,40667.52,0
3/2026,עירית כפר קרע,10406544,348029,חט"ב אבן סינא,04/2025,עצמאי - כיתה ז,214,סל תל' לחט"ב,198,0,237.57,0,פעיל,47038.86,47038.86,0
3/2026,עירית כפר קרע,10406544,348029,חט"ב אבן סינא,04/2025,עצמאי - כיתה ח,214,סל תל' לחט"ב,200,0,237.57,0,פעיל,47514,47514,0
3/2026,עירית כפר קרע,10406544,348029,חט"ב אבן סינא,04/2025,עצמאי - כיתה ט,214,סל תל' לחט"ב,177,0,241.45,0,פעיל,42736.65,42736.65,0
3/2026,עירית כפר קרע,10406544,348029,חט"ב אבן סינא,05/2025,עצמאי - כיתה ז,214,סל תל' לחט"ב,198,0,237.57,0,פעיל,47038.86,47038.86,0
3/2026,עירית כפר קרע,10406544,348029,חט"ב אבן סינא,05/2025,עצמאי - כיתה ח,214,סל תל' לחט"ב,200,0,237.57,0,פעיל,47514,47514,0
3/2026,עירית כפר קרע,10406544,348029,חט"ב אבן סינא,05/2025,עצמאי - כיתה ט,214,סל תל' לחט"ב,177,0,241.45,0,פעיל,42736.65,42736.65,0
3/2026,עירית כפר קרע,10406544,348029,חט"ב אבן סינא,06/2025,עצמאי - כיתה ז,214,סל תל' לחט"ב,198,0,374.12,0,פעיל,74075.76,74075.76,0
3/2026,עירית כפר קרע,10406544,348029,חט"ב אבן סינא,06/2025,עצמאי - כיתה ח,214,סל תל' לחט"ב,200,0,374.12,0,פעיל,74824,74824,0
3/2026,עירית כפר קרע,10406544,348029,חט"ב אבן סינא,06/2025,עצמאי - כיתה ט,214,סל תל' לחט"ב,177,0,380.24,0,פעיל,67302.48,67302.48,0
3/2026,עירית כפר קרע,10406544,348029,חט"ב אבן סינא,07/2025,עצמאי - כיתה ז,214,סל תל' לחט"ב,198,0,289.25,0,פעיל,57271.5,57271.5,0
3/2026,עירית כפר קרע,10406544,348029,חט"ב אבן סינא,07/2025,עצמאי - כיתה ח,214,סל תל' לחט"ב,200,0,289.25,0,פעיל,57850,57850,0
3/2026,עירית כפר קרע,10406544,348029,חט"ב אבן סינא,07/2025,עצמאי - כיתה ט,214,סל תל' לחט"ב,177,0,293.98,0,פעיל,52034.46,52034.46,0
3/2026,עירית כפר קרע,10406544,348029,חט"ב אבן סינא,08/2025,עצמאי - כיתה ז,214,סל תל' לחט"ב,198,0,237.57,0,פעיל,47038.86,47038.86,0
3/2026,עירית כפר קרע,10406544,348029,חט"ב אבן סינא,08/2025,עצמאי - כיתה ח,214,סל תל' לחט"ב,200,0,237.57,0,פעיל,47514,47514,0
3/2026,עירית כפר קרע,10406544,348029,חט"ב אבן סינא,08/2025,עצמאי - כיתה ט,214,סל תל' לחט"ב,177,0,241.45,0,פעיל,42736.65,42736.65,0
3/2026,עירית כפר קרע,10406544,348029,חט"ב אבן סינא,09/2025,עצמאי - כיתה ז,214,סל תל' לחט"ב,180,0,237.57,0,פעיל,42762.6,42525.03,237.57
3/2026,עירית כפר קרע,10406544,348029,חט"ב אבן סינא,09/2025,עצמאי - כיתה ח,214,סל תל' לחט"ב,200,0,237.57,0,פעיל,47514,47514,0
3/2026,עירית כפר קרע,10406544,348029,חט"ב אבן סינא,09/2025,עצמאי - כיתה ט,214,סל תל' לחט"ב,190,0,237.57,0,פעיל,45138.3,45138.3,0
3/2026,עירית כפר קרע,10406544,348029,חט"ב אבן סינא,10/2025,עצמאי - כיתה ז,214,סל תל' לחט"ב,180,0,257.5,0,פעיל,46350,46092.5,257.5
3/2026,עירית כפר קרע,10406544,348029,חט"ב אבן סינא,10/2025,עצמאי - כיתה ח,214,סל תל' לחט"ב,200,0,257.5,0,פעיל,51500,51500,0
3/2026,עירית כפר קרע,10406544,348029,חט"ב אבן סינא,10/2025,עצמאי - כיתה ט,214,סל תל' לחט"ב,190,0,257.5,0,פעיל,48925,48925,0
3/2026,עירית כפר קרע,10406544,348029,חט"ב אבן סינא,11/2025,עצמאי - כיתה ז,214,סל תל' לחט"ב,180,0,237.57,0,פעיל,42762.6,42525.03,237.57
3/2026,עירית כפר קרע,10406544,348029,חט"ב אבן סינא,11/2025,עצמאי - כיתה ח,214,סל תל' לחט"ב,199,0,237.57,0,פעיל,47276.43,47276.43,0
3/2026,עירית כפר קרע,10406544,348029,חט"ב אבן סינא,11/2025,עצמאי - כיתה ט,214,סל תל' לחט"ב,190,0,237.57,0,פעיל,45138.3,45138.3,0
3/2026,עירית כפר קרע,10406544,348029,חט"ב אבן סינא,12/2025,עצמאי - כיתה ז,214,סל תל' לחט"ב,179,0,237.57,0,פעיל,42525.03,42287.46,237.57
3/2026,עירית כפר קרע,10406544,348029,חט"ב אבן סינא,12/2025,עצמאי - כיתה ח,214,סל תל' לחט"ב,199,0,237.57,0,פעיל,47276.43,47276.43,0
3/2026,עירית כפר קרע,10406544,348029,חט"ב אבן סינא,12/2025,עצמאי - כיתה ט,214,סל תל' לחט"ב,190,0,237.57,0,פעיל,45138.3,45138.3,0
3/2026,עירית כפר קרע,10406544,348029,חט"ב אבן סינא,01/2026,עצמאי - כיתה ז,214,סל תל' לחט"ב,179,0,241,0,פעיל,43139,42898,241
3/2026,עירית כפר קרע,10406544,348029,חט"ב אבן סינא,01/2026,עצמאי - כיתה ח,214,סל תל' לחט"ב,199,0,241,0,פעיל,47959,47959,0
3/2026,עירית כפר קרע,10406544,348029,חט"ב אבן סינא,01/2026,עצמאי - כיתה ט,214,סל תל' לחט"ב,190,0,241,0,פעיל,45790,45790,0
3/2026,עירית כפר קרע,10406544,348029,חט"ב אבן סינא,02/2026,עצמאי - כיתה ז,214,סל תל' לחט"ב,179,0,241,0,פעיל,43139,42898,241
3/2026,עירית כפר קרע,10406544,348029,חט"ב אבן סינא,02/2026,עצמאי - כיתה ח,214,סל תל' לחט"ב,199,0,241,0,פעיל,47959,47959,0
3/2026,עירית כפר קרע,10406544,348029,חט"ב אבן סינא,02/2026,עצמאי - כיתה ט,214,סל תל' לחט"ב,190,0,241,0,פעיל,45790,45790,0
3/2026,עירית כפר קרע,10406544,348029,חט"ב אבן סינא,03/2026,עצמאי - כיתה ז,214,סל תל' לחט"ב,179,0,241,0,פעיל,43139,0,43139
3/2026,עירית כפר קרע,10406544,348029,חט"ב אבן סינא,03/2026,עצמאי - כיתה ח,214,סל תל' לחט"ב,199,0,241,0,פעיל,47959,0,47959
3/2026,עירית כפר קרע,10406544,348029,חט"ב אבן סינא,03/2026,עצמאי - כיתה ט,214,סל תל' לחט"ב,189,0,241,0,פעיל,45549,0,45549
3/2026,עירית כפר קרע,10406544,348284,חט"ב כפר קרע ב',09/2024,עצמאי - כיתה ז,214,סל תל' לחט"ב,154,0,232.19,0,פעיל,35757.26,35757.26,0
3/2026,עירית כפר קרע,10406544,348284,חט"ב כפר קרע ב',09/2024,עצמאי - כיתה ח,214,סל תל' לחט"ב,155,0,232.19,0,פעיל,35989.45,35989.45,0
3/2026,עירית כפר קרע,10406544,348284,חט"ב כפר קרע ב',09/2024,עצמאי - כיתה ט,214,סל תל' לחט"ב,144,0,232.19,0,פעיל,33435.36,33435.36,0
3/2026,עירית כפר קרע,10406544,348284,חט"ב כפר קרע ב',10/2024,עצמאי - כיתה ז,214,סל תל' לחט"ב,154,0,254.87,0,פעיל,39249.98,39249.98,0
3/2026,עירית כפר קרע,10406544,348284,חט"ב כפר קרע ב',10/2024,עצמאי - כיתה ח,214,סל תל' לחט"ב,155,0,254.87,0,פעיל,39504.85,39504.85,0
3/2026,עירית כפר קרע,10406544,348284,חט"ב כפר קרע ב',10/2024,עצמאי - כיתה ט,214,סל תל' לחט"ב,144,0,254.87,0,פעיל,36701.28,36701.28,0
3/2026,עירית כפר קרע,10406544,348284,חט"ב כפר קרע ב',11/2024,עצמאי - כיתה ז,214,סל תל' לחט"ב,154,0,234.91,0,פעיל,36176.14,36176.14,0
3/2026,עירית כפר קרע,10406544,348284,חט"ב כפר קרע ב',11/2024,עצמאי - כיתה ח,214,סל תל' לחט"ב,155,0,234.91,0,פעיל,36411.05,36411.05,0
3/2026,עירית כפר קרע,10406544,348284,חט"ב כפר קרע ב',11/2024,עצמאי - כיתה ט,214,סל תל' לחט"ב,143,0,234.91,0,פעיל,33592.13,33592.13,0
3/2026,עירית כפר קרע,10406544,348284,חט"ב כפר קרע ב',12/2024,עצמאי - כיתה ז,214,סל תל' לחט"ב,154,0,232.05,0,פעיל,35735.7,35735.7,0
3/2026,עירית כפר קרע,10406544,348284,חט"ב כפר קרע ב',12/2024,עצמאי - כיתה ח,214,סל תל' לחט"ב,155,0,232.05,0,פעיל,35967.75,35967.75,0
3/2026,עירית כפר קרע,10406544,348284,חט"ב כפר קרע ב',12/2024,עצמאי - כיתה ט,214,סל תל' לחט"ב,143,0,232.05,0,פעיל,33183.15,33183.15,0
3/2026,עירית כפר קרע,10406544,348284,חט"ב כפר קרע ב',01/2025,עצמאי - כיתה ז,214,סל תל' לחט"ב,154,0,233.6,0,פעיל,35974.4,35974.4,0
3/2026,עירית כפר קרע,10406544,348284,חט"ב כפר קרע ב',01/2025,עצמאי - כיתה ח,214,סל תל' לחט"ב,155,0,233.6,0,פעיל,36208,36208,0
3/2026,עירית כפר קרע,10406544,348284,חט"ב כפר קרע ב',01/2025,עצמאי - כיתה ט,214,סל תל' לחט"ב,143,0,233.6,0,פעיל,33404.8,33404.8,0
3/2026,עירית כפר קרע,10406544,348284,חט"ב כפר קרע ב',02/2025,עצמאי - כיתה ז,214,סל תל' לחט"ב,154,0,233.6,0,פעיל,35974.4,35974.4,0
3/2026,עירית כפר קרע,10406544,348284,חט"ב כפר קרע ב',02/2025,עצמאי - כיתה ח,214,סל תל' לחט"ב,155,0,233.6,0,פעיל,36208,36208,0
3/2026,עירית כפר קרע,10406544,348284,חט"ב כפר קרע ב',02/2025,עצמאי - כיתה ט,214,סל תל' לחט"ב,143,0,233.6,0,פעיל,33404.8,33404.8,0
3/2026,עירית כפר קרע,10406544,348284,חט"ב כפר קרע ב',03/2025,עצמאי - כיתה ז,214,סל תל' לחט"ב,154,0,233.6,0,פעיל,35974.4,35974.4,0
3/2026,עירית כפר קרע,10406544,348284,חט"ב כפר קרע ב',03/2025,עצמאי - כיתה ח,214,סל תל' לחט"ב,155,0,233.6,0,פעיל,36208,36208,0
3/2026,עירית כפר קרע,10406544,348284,חט"ב כפר קרע ב',03/2025,עצמאי - כיתה ט,214,סל תל' לחט"ב,143,0,233.6,0,פעיל,33404.8,33404.8,0
3/2026,עירית כפר קרע,10406544,348284,חט"ב כפר קרע ב',04/2025,עצמאי - כיתה ז,214,סל תל' לחט"ב,154,0,245.49,0,פעיל,37805.46,37805.46,0
3/2026,עירית כפר קרע,10406544,348284,חט"ב כפר קרע ב',04/2025,עצמאי - כיתה ח,214,סל תל' לחט"ב,155,0,245.49,0,פעיל,38050.95,38050.95,0
3/2026,עירית כפר קרע,10406544,348284,חט"ב כפר קרע ב',04/2025,עצמאי - כיתה ט,214,סל תל' לחט"ב,142,0,245.49,0,פעיל,34859.58,34859.58,0
3/2026,עירית כפר קרע,10406544,348284,חט"ב כפר קרע ב',05/2025,עצמאי - כיתה ז,214,סל תל' לחט"ב,154,0,245.49,0,פעיל,37805.46,37805.46,0
3/2026,עירית כפר קרע,10406544,348284,חט"ב כפר קרע ב',05/2025,עצמאי - כיתה ח,214,סל תל' לחט"ב,156,0,245.49,0,פעיל,38296.44,38296.44,0
3/2026,עירית כפר קרע,10406544,348284,חט"ב כפר קרע ב',05/2025,עצמאי - כיתה ט,214,סל תל' לחט"ב,142,0,245.49,0,פעיל,34859.58,34859.58,0
3/2026,עירית כפר קרע,10406544,348284,חט"ב כפר קרע ב',06/2025,עצמאי - כיתה ז,214,סל תל' לחט"ב,154,0,386.6,0,פעיל,59536.4,59536.4,0
3/2026,עירית כפר קרע,10406544,348284,חט"ב כפר קרע ב',06/2025,עצמאי - כיתה ח,214,סל תל' לחט"ב,156,0,386.6,0,פעיל,60309.6,60309.6,0
3/2026,עירית כפר קרע,10406544,348284,חט"ב כפר קרע ב',06/2025,עצמאי - כיתה ט,214,סל תל' לחט"ב,142,0,386.6,0,פעיל,54897.2,54897.2,0
3/2026,עירית כפר קרע,10406544,348284,חט"ב כפר קרע ב',07/2025,עצמאי - כיתה ז,214,סל תל' לחט"ב,154,0,298.9,0,פעיל,46030.6,46030.6,0
3/2026,עירית כפר קרע,10406544,348284,חט"ב כפר קרע ב',07/2025,עצמאי - כיתה ח,214,סל תל' לחט"ב,156,0,298.9,0,פעיל,46628.4,46628.4,0
3/2026,עירית כפר קרע,10406544,348284,חט"ב כפר קרע ב',07/2025,עצמאי - כיתה ט,214,סל תל' לחט"ב,142,0,298.9,0,פעיל,42443.8,42443.8,0
3/2026,עירית כפר קרע,10406544,348284,חט"ב כפר קרע ב',08/2025,עצמאי - כיתה ז,214,סל תל' לחט"ב,154,0,245.49,0,פעיל,37805.46,37805.46,0
3/2026,עירית כפר קרע,10406544,348284,חט"ב כפר קרע ב',08/2025,עצמאי - כיתה ח,214,סל תל' לחט"ב,156,0,245.49,0,פעיל,38296.44,38296.44,0
3/2026,עירית כפר קרע,10406544,348284,חט"ב כפר קרע ב',08/2025,עצמאי - כיתה ט,214,סל תל' לחט"ב,142,0,245.49,0,פעיל,34859.58,34859.58,0
3/2026,עירית כפר קרע,10406544,348284,חט"ב כפר קרע ב',09/2025,עצמאי - כיתה ז,214,סל תל' לחט"ב,145,0,245.49,0,פעיל,35596.05,35596.05,0
3/2026,עירית כפר קרע,10406544,348284,חט"ב כפר קרע ב',09/2025,עצמאי - כיתה ח,214,סל תל' לחט"ב,156,0,245.49,0,פעיל,38296.44,38296.44,0
3/2026,עירית כפר קרע,10406544,348284,חט"ב כפר קרע ב',09/2025,עצמאי - כיתה ט,214,סל תל' לחט"ב,157,0,245.49,0,פעיל,38541.93,38541.93,0
3/2026,עירית כפר קרע,10406544,348284,חט"ב כפר קרע ב',10/2025,עצמאי - כיתה ז,214,סל תל' לחט"ב,145,0,266.09,0,פעיל,38583.05,38583.05,0
3/2026,עירית כפר קרע,10406544,348284,חט"ב כפר קרע ב',10/2025,עצמאי - כיתה ח,214,סל תל' לחט"ב,156,0,266.09,0,פעיל,41510.04,41510.04,0
3/2026,עירית כפר קרע,10406544,348284,חט"ב כפר קרע ב',10/2025,עצמאי - כיתה ט,214,סל תל' לחט"ב,157,0,266.09,0,פעיל,41776.13,41776.13,0
3/2026,עירית כפר קרע,10406544,348284,חט"ב כפר קרע ב',11/2025,עצמאי - כיתה ז,214,סל תל' לחט"ב,146,0,245.49,0,פעיל,35841.54,35841.54,0
3/2026,עירית כפר קרע,10406544,348284,חט"ב כפר קרע ב',11/2025,עצמאי - כיתה ח,214,סל תל' לחט"ב,156,0,245.49,0,פעיל,38296.44,38296.44,0
3/2026,עירית כפר קרע,10406544,348284,חט"ב כפר קרע ב',11/2025,עצמאי - כיתה ט,214,סל תל' לחט"ב,157,0,245.49,0,פעיל,38541.93,38541.93,0
3/2026,עירית כפר קרע,10406544,348284,חט"ב כפר קרע ב',12/2025,עצמאי - כיתה ז,214,סל תל' לחט"ב,146,0,245.49,0,פעיל,35841.54,35841.54,0
3/2026,עירית כפר קרע,10406544,348284,חט"ב כפר קרע ב',12/2025,עצמאי - כיתה ח,214,סל תל' לחט"ב,153,0,245.49,0,פעיל,37559.97,37559.97,0
3/2026,עירית כפר קרע,10406544,348284,חט"ב כפר קרע ב',12/2025,עצמאי - כיתה ט,214,סל תל' לחט"ב,155,0,245.49,0,פעיל,38050.95,38050.95,0
3/2026,עירית כפר קרע,10406544,348284,חט"ב כפר קרע ב',01/2026,עצמאי - כיתה ז,214,סל תל' לחט"ב,146,0,249.04,0,פעיל,36359.84,36359.84,0
3/2026,עירית כפר קרע,10406544,348284,חט"ב כפר קרע ב',01/2026,עצמאי - כיתה ח,214,סל תל' לחט"ב,153,0,249.04,0,פעיל,38103.12,38103.12,0
3/2026,עירית כפר קרע,10406544,348284,חט"ב כפר קרע ב',01/2026,עצמאי - כיתה ט,214,סל תל' לחט"ב,155,0,249.04,0,פעיל,38601.2,38601.2,0
3/2026,עירית כפר קרע,10406544,348284,חט"ב כפר קרע ב',02/2026,עצמאי - כיתה ז,214,סל תל' לחט"ב,146,0,249.04,0,פעיל,36359.84,36359.84,0
3/2026,עירית כפר קרע,10406544,348284,חט"ב כפר קרע ב',02/2026,עצמאי - כיתה ח,214,סל תל' לחט"ב,153,0,249.04,0,פעיל,38103.12,38103.12,0
3/2026,עירית כפר קרע,10406544,348284,חט"ב כפר קרע ב',02/2026,עצמאי - כיתה ט,214,סל תל' לחט"ב,155,0,249.04,0,פעיל,38601.2,38601.2,0
3/2026,עירית כפר קרע,10406544,348284,חט"ב כפר קרע ב',03/2026,עצמאי - כיתה ז,214,סל תל' לחט"ב,146,0,249.04,0,פעיל,36359.84,0,36359.84
3/2026,עירית כפר קרע,10406544,348284,חט"ב כפר קרע ב',03/2026,עצמאי - כיתה ח,214,סל תל' לחט"ב,153,0,249.04,0,פעיל,38103.12,0,38103.12
3/2026,עירית כפר קרע,10406544,348284,חט"ב כפר קרע ב',03/2026,עצמאי - כיתה ט,214,סל תל' לחט"ב,155,0,249.04,0,פעיל,38601.2,0,38601.2
3/2026,עירית כפר קרע,10406544,384099,אלקיאן לקשר ותקשורת,09/2024,א-ו חנ"מ,002,שרתים,0,3,2036.14,0,פעיל,6108.42,6108.42,0
3/2026,עירית כפר קרע,10406544,384099,אלקיאן לקשר ותקשורת,09/2024,ז-יב חנ"מ,002,שרתים,0,10,1470.04,0,פעיל,14700.4,14700.4,0
3/2026,עירית כפר קרע,10406544,384099,אלקיאן לקשר ותקשורת,10/2024,א-ו חנ"מ,002,שרתים,0,3,2240.61,0,פעיל,6721.83,6721.83,0
3/2026,עירית כפר קרע,10406544,384099,אלקיאן לקשר ותקשורת,10/2024,ז-יב חנ"מ,002,שרתים,0,10,1617.66,0,פעיל,16176.6,16176.6,0
3/2026,עירית כפר קרע,10406544,384099,אלקיאן לקשר ותקשורת,11/2024,א-ו חנ"מ,002,שרתים,0,3,2060.65,0,פעיל,6181.95,6181.95,0
3/2026,עירית כפר קרע,10406544,384099,אלקיאן לקשר ותקשורת,11/2024,ז-יב חנ"מ,002,שרתים,0,10,1487.74,0,פעיל,14877.4,14877.4,0
3/2026,עירית כפר קרע,10406544,384099,אלקיאן לקשר ותקשורת,12/2024,א-ו חנ"מ,002,שרתים,0,3,2033.27,0,פעיל,6099.81,6099.81,0
3/2026,עירית כפר קרע,10406544,384099,אלקיאן לקשר ותקשורת,12/2024,ז-יב חנ"מ,002,שרתים,0,10,1467.96,0,פעיל,14679.6,14679.6,0
3/2026,עירית כפר קרע,10406544,384099,אלקיאן לקשר ותקשורת,01/2025,א-ו חנ"מ,002,שרתים,0,3,2046.93,0,פעיל,6140.79,6140.79,0
3/2026,עירית כפר קרע,10406544,384099,אלקיאן לקשר ותקשורת,01/2025,ז-יב חנ"מ,002,שרתים,0,10,1477.83,0,פעיל,14778.3,14778.3,0
3/2026,עירית כפר קרע,10406544,384099,אלקיאן לקשר ותקשורת,02/2025,א-ו חנ"מ,002,שרתים,0,3,2046.93,0,פעיל,6140.79,6140.79,0
3/2026,עירית כפר קרע,10406544,384099,אלקיאן לקשר ותקשורת,02/2025,ז-יב חנ"מ,002,שרתים,0,10,1477.83,0,פעיל,14778.3,14778.3,0
3/2026,עירית כפר קרע,10406544,384099,אלקיאן לקשר ותקשורת,03/2025,א-ו חנ"מ,002,שרתים,0,3,2046.93,0,פעיל,6140.79,6140.79,0
3/2026,עירית כפר קרע,10406544,384099,אלקיאן לקשר ותקשורת,03/2025,ז-יב חנ"מ,002,שרתים,0,10,1477.83,0,פעיל,14778.3,14778.3,0
3/2026,עירית כפר קרע,10406544,384099,אלקיאן לקשר ותקשורת,04/2025,א-ו חנ"מ,002,שרתים,0,3,2154.19,0,פעיל,6462.57,6462.57,0
3/2026,עירית כפר קרע,10406544,384099,אלקיאן לקשר ותקשורת,04/2025,ז-יב חנ"מ,002,שרתים,0,10,1555.27,0,פעיל,15552.7,15552.7,0
3/2026,עירית כפר קרע,10406544,384099,אלקיאן לקשר ותקשורת,05/2025,א-ו חנ"מ,002,שרתים,0,3,2154.19,0,פעיל,6462.57,6462.57,0
3/2026,עירית כפר קרע,10406544,384099,אלקיאן לקשר ותקשורת,05/2025,ז-יב חנ"מ,002,שרתים,0,10,1555.27,0,פעיל,15552.7,15552.7,0
3/2026,עירית כפר קרע,10406544,384099,אלקיאן לקשר ותקשורת,06/2025,א-ו חנ"מ,002,שרתים,0,3,3425.39,0,פעיל,10276.17,10276.17,0
3/2026,עירית כפר קרע,10406544,384099,אלקיאן לקשר ותקשורת,06/2025,ז-יב חנ"מ,002,שרתים,0,10,2473.04,0,פעיל,24730.4,24730.4,0
3/2026,עירית כפר קרע,10406544,384099,אלקיאן לקשר ותקשורת,07/2025,א-ו חנ"מ,002,שרתים,0,3,2562.61,0,פעיל,7687.83,7687.83,0
3/2026,עירית כפר קרע,10406544,384099,אלקיאן לקשר ותקשורת,07/2025,ז-יב חנ"מ,002,שרתים,0,10,1850.14,0,פעיל,18501.4,18501.4,0
3/2026,עירית כפר קרע,10406544,384099,אלקיאן לקשר ותקשורת,08/2025,א-ו חנ"מ,002,שרתים,0,3,2154.19,0,פעיל,6462.57,6462.57,0
3/2026,עירית כפר קרע,10406544,384099,אלקיאן לקשר ותקשורת,08/2025,ז-יב חנ"מ,002,שרתים,0,10,1555.27,0,פעיל,15552.7,15552.7,0
3/2026,עירית כפר קרע,10406544,384099,אלקיאן לקשר ותקשורת,09/2025,א-ו חנ"מ,002,שרתים,0,3,2154.19,0,פעיל,6462.57,6462.57,0
3/2026,עירית כפר קרע,10406544,384099,אלקיאן לקשר ותקשורת,09/2025,ז-יב חנ"מ,002,שרתים,0,10,1555.27,0,פעיל,15552.7,15552.7,0
3/2026,עירית כפר קרע,10406544,384099,אלקיאן לקשר ותקשורת,10/2025,א-ו חנ"מ,002,שרתים,0,3,2339.95,0,פעיל,7019.85,7019.85,0
3/2026,עירית כפר קרע,10406544,384099,אלקיאן לקשר ותקשורת,10/2025,ז-יב חנ"מ,002,שרתים,0,10,1689.38,0,פעיל,16893.8,16893.8,0
3/2026,עירית כפר קרע,10406544,384099,אלקיאן לקשר ותקשורת,11/2025,א-ו חנ"מ,002,שרתים,0,3,2154.19,0,פעיל,6462.57,6462.57,0
3/2026,עירית כפר קרע,10406544,384099,אלקיאן לקשר ותקשורת,11/2025,ז-יב חנ"מ,002,שרתים,0,10,1555.27,0,פעיל,15552.7,15552.7,0
3/2026,עירית כפר קרע,10406544,384099,אלקיאן לקשר ותקשורת,12/2025,א-ו חנ"מ,002,שרתים,0,3,2154.19,0,פעיל,6462.57,6462.57,0
3/2026,עירית כפר קרע,10406544,384099,אלקיאן לקשר ותקשורת,12/2025,ז-יב חנ"מ,002,שרתים,0,10,1555.27,0,פעיל,15552.7,15552.7,0
3/2026,עירית כפר קרע,10406544,384099,אלקיאן לקשר ותקשורת,01/2026,א-ו חנ"מ,002,שרתים,0,3,2184.66,0,פעיל,6553.98,6553.98,0
3/2026,עירית כפר קרע,10406544,384099,אלקיאן לקשר ותקשורת,01/2026,ז-יב חנ"מ,002,שרתים,0,10,1577.27,0,פעיל,15772.7,15772.7,0
3/2026,עירית כפר קרע,10406544,384099,אלקיאן לקשר ותקשורת,02/2026,א-ו חנ"מ,002,שרתים,0,3,2184.66,0,פעיל,6553.98,6553.98,0
3/2026,עירית כפר קרע,10406544,384099,אלקיאן לקשר ותקשורת,02/2026,ז-יב חנ"מ,002,שרתים,0,10,1577.27,0,פעיל,15772.7,15772.7,0
3/2026,עירית כפר קרע,10406544,384099,אלקיאן לקשר ותקשורת,03/2026,א-ו חנ"מ,002,שרתים,0,3,2184.66,0,פעיל,6553.98,0,6553.98
3/2026,עירית כפר קרע,10406544,384099,אלקיאן לקשר ותקשורת,03/2026,ז-יב חנ"מ,002,שרתים,0,10,1577.27,0,פעיל,15772.7,0,15772.7
3/2026,עירית כפר קרע,10406544,384099,אלקיאן לקשר ותקשורת,09/2024,א-יב חנ"מ,107,מזכירים,0,13,646.11,0,פעיל,8399.43,8399.43,0
3/2026,עירית כפר קרע,10406544,384099,אלקיאן לקשר ותקשורת,10/2024,א-יב חנ"מ,107,מזכירים,0,13,710.95,0,פעיל,9242.35,9242.35,0
3/2026,עירית כפר קרע,10406544,384099,אלקיאן לקשר ותקשורת,11/2024,א-יב חנ"מ,107,מזכירים,0,13,653.88,0,פעיל,8500.44,8500.44,0
3/2026,עירית כפר קרע,10406544,384099,אלקיאן לקשר ותקשורת,12/2024,א-יב חנ"מ,107,מזכירים,0,13,645.41,0,פעיל,8390.33,8390.33,0
3/2026,עירית כפר קרע,10406544,384099,אלקיאן לקשר ותקשורת,01/2025,א-יב חנ"מ,107,מזכירים,0,13,649.74,0,פעיל,8446.62,8446.62,0
3/2026,עירית כפר קרע,10406544,384099,אלקיאן לקשר ותקשורת,02/2025,א-יב חנ"מ,107,מזכירים,0,13,649.74,0,פעיל,8446.62,8446.62,0
3/2026,עירית כפר קרע,10406544,384099,אלקיאן לקשר ותקשורת,03/2025,א-יב חנ"מ,107,מזכירים,0,13,649.74,0,פעיל,8446.62,8446.62,0
3/2026,עירית כפר קרע,10406544,384099,אלקיאן לקשר ותקשורת,04/2025,א-יב חנ"מ,107,מזכירים,0,13,683.45,0,פעיל,8884.85,8884.85,0
3/2026,עירית כפר קרע,10406544,384099,אלקיאן לקשר ותקשורת,05/2025,א-יב חנ"מ,107,מזכירים,0,13,683.45,0,פעיל,8884.85,8884.85,0
3/2026,עירית כפר קרע,10406544,384099,אלקיאן לקשר ותקשורת,06/2025,א-יב חנ"מ,107,מזכירים,0,13,1086.59,0,פעיל,14125.67,14125.67,0
3/2026,עירית כפר קרע,10406544,384099,אלקיאן לקשר ותקשורת,07/2025,א-יב חנ"מ,107,מזכירים,0,13,812.98,0,פעיל,10568.74,10568.74,0
3/2026,עירית כפר קרע,10406544,384099,אלקיאן לקשר ותקשורת,08/2025,א-יב חנ"מ,107,מזכירים,0,13,683.45,0,פעיל,8884.85,8884.85,0
3/2026,עירית כפר קרע,10406544,384099,אלקיאן לקשר ותקשורת,09/2025,א-יב חנ"מ,107,מזכירים,0,13,683.45,0,פעיל,8884.85,8884.85,0
3/2026,עירית כפר קרע,10406544,384099,אלקיאן לקשר ותקשורת,10/2025,א-יב חנ"מ,107,מזכירים,0,13,742.36,0,פעיל,9650.68,9650.68,0
3/2026,עירית כפר קרע,10406544,384099,אלקיאן לקשר ותקשורת,11/2025,א-יב חנ"מ,107,מזכירים,0,13,683.45,0,פעיל,8884.85,8884.85,0
3/2026,עירית כפר קרע,10406544,384099,אלקיאן לקשר ותקשורת,12/2025,א-יב חנ"מ,107,מזכירים,0,13,683.45,0,פעיל,8884.85,8884.85,0
3/2026,עירית כפר קרע,10406544,384099,אלקיאן לקשר ותקשורת,01/2026,א-יב חנ"מ,107,מזכירים,0,13,693.23,0,פעיל,9011.99,9011.99,0
3/2026,עירית כפר קרע,10406544,384099,אלקיאן לקשר ותקשורת,02/2026,א-יב חנ"מ,107,מזכירים,0,13,693.23,0,פעיל,9011.99,9011.99,0
3/2026,עירית כפר קרע,10406544,384099,אלקיאן לקשר ותקשורת,03/2026,א-יב חנ"מ,107,מזכירים,0,13,693.23,0,פעיל,9011.99,0,9011.99
