מספר מסלול,סוג מסלול,תיאור סוג מסלול,מיגון,תיאר מיגון,קבוצה לתשלום,תיאור קבוצה לתשלום,תקופת מסלול,תיאור תקופת מסלול,חברת הסעה,תיאור חברת הסעה,נושא הסעה,תיאור נושא הסעה,ישובים,מוסדות,קוד נושא,שם נושא,חודש תחולה,כיוון נסיעה,תיאור כיוון נסיעה,מספר נסיעה,ימי ביצוע,כמות רכבים,סמל רכב,תיאור סמל רכב,מספר רישוי,קמ בנסיעה,תעריף לק''מ,עלות יומית,גובה התייצבות,אחוז השתתפות,מע''מ,התייקרות מצטברת,אחוז תשלום,הערה,סכום מחושב,סכום מחושב קודם,הפרש מחושב
301000,2,שכור,0,ללא,1,רגיל,0,שנתי,511001778,אסיה תורס,16,הסעת תלמידים למוסד חינוכי, כפר קרע ;, תיכון עש אחמד ע.יחיא 378018;,052,הסעות ח.רגיל חיפה,202409,1,איסוף,1,21,1,300500,אוטובוס ציבורי זעיר (16),0,1.529,0,42,1,0.8,1.17,1,1, ,825.55,825.55,0
301000,2,שכור,0,ללא,1,רגיל,0,שנתי,511001778,אסיה תורס,16,הסעת תלמידים למוסד חינוכי, כפר קרע ;, תיכון עש אחמד ע.יחיא 378018;,052,הסעות ח.רגיל חיפה,202409,2,פיזור,1,21,1,300500,אוטובוס ציבורי זעיר (16),0,1.53,0,42,1,0.8,1.17,1,1, ,825.55,825.55,0
302000,2,שכור,0,ללא,1,רגיל,0,שנתי,511001778,אסיה תורס,16,הסעת תלמידים למוסד חינוכי, כפר קרע ;, יסודי אלחוארנה 338210;,052,הסעות ח.רגיל חיפה,202409,1,איסוף,1,21,1,300500,אוטובוס ציבורי זעיר (16),0,1.464,0,111,1,0.8,1.17,1,1, ,2181.81,2181.81,0
302000,2,שכור,0,ללא,1,רגיל,0,שנתי,511001778,אסיה תורס,16,הסעת תלמידים למוסד חינוכי, כפר קרע ;, יסודי אלחוארנה 338210;,052,הסעות ח.רגיל חיפה,202409,2,פיזור,1,21,1,300500,אוטובוס ציבורי זעיר (16),0,1.284,0,111,1,0.8,1.17,1,1, ,2181.81,2181.81,0
303000,2,שכור,0,ללא,1,רגיל,0,שנתי,511001778,אסיה תורס,16,הסעת תלמידים למוסד חינוכי, כפר קרע ;, אלחכים 318576;חט"ב אבן סינא 348029;,052,הסעות ח.רגיל חיפה,202409,1,איסוף,1,21,1,30000,אוטובוס בינוני,0,1.505,0,138,1,0.8,1.17,1,1, ,2712.52,2712.52,0
303000,2,שכור,0,ללא,1,רגיל,0,שנתי,511001778,אסיה תורס,16,הסעת תלמידים למוסד חינוכי, כפר קרע ;, אלחכים 318576;חט"ב אבן סינא 348029;,052,הסעות ח.רגיל חיפה,202409,2,פיזור,1,21,1,30000,אוטובוס בינוני,0,1.519,0,138,1,0.8,1.17,1,1, ,2712.52,2712.52,0
303000,2,שכור,0,ללא,1,רגיל,0,שנתי,511001778,אסיה תורס,16,הסעת תלמידים למוסד חינוכי, כפר קרע ;, אלחכים 318576;חט"ב אבן סינא 348029;,052,הסעות ח.רגיל חיפה,202410,1,איסוף,1,23,1,30000,אוטובוס בינוני,0,1.505,0,138,1,0.8,1.17,1,1, ,2970.86,2970.86,0
302000,2,שכור,0,ללא,1,רגיל,0,שנתי,511001778,אסיה תורס,16,הסעת תלמידים למוסד חינוכי, כפר קרע ;, יסודי אלחוארנה 338210;,052,הסעות ח.רגיל חיפה,202410,2,פיזור,1,23,1,300500,אוטובוס ציבורי זעיר (16),0,1.284,0,111,1,0.8,1.17,1,1, ,2389.6,2389.6,0
302000,2,שכור,0,ללא,1,רגיל,0,שנתי,511001778,אסיה תורס,16,הסעת תלמידים למוסד חינוכי, כפר קרע ;, יסודי אלחוארנה 338210;,052,הסעות ח.רגיל חיפה,202410,1,איסוף,1,23,1,300500,אוטובוס ציבורי זעיר (16),0,1.464,0,111,1,0.8,1.17,1,1, ,2389.6,2389.6,0
301000,2,שכור,0,ללא,1,רגיל,0,שנתי,511001778,אסיה תורס,16,הסעת תלמידים למוסד חינוכי, כפר קרע ;, תיכון עש אחמד ע.יחיא 378018;,052,הסעות ח.רגיל חיפה,202410,2,פיזור,1,23,1,300500,אוטובוס ציבורי זעיר (16),0,1.53,0,42,1,0.8,1.17,1,1, ,904.17,904.17,0
301000,2,שכור,0,ללא,1,רגיל,0,שנתי,511001778,אסיה תורס,16,הסעת תלמידים למוסד חינוכי, כפר קרע ;, תיכון עש אחמד ע.יחיא 378018;,052,הסעות ח.רגיל חיפה,202410,1,איסוף,1,23,1,300500,אוטובוס ציבורי זעיר (16),0,1.529,0,42,1,0.8,1.17,1,1, ,904.17,904.17,0
303000,2,שכור,0,ללא,1,רגיל,0,שנתי,511001778,אסיה תורס,16,הסעת תלמידים למוסד חינוכי, כפר קרע ;, אלחכים 318576;חט"ב אבן סינא 348029;,052,הסעות ח.רגיל חיפה,202410,2,פיזור,1,23,1,30000,אוטובוס בינוני,0,1.519,0,138,1,0.8,1.17,1,1, ,2970.86,2970.86,0
301000,2,שכור,0,ללא,1,רגיל,0,שנתי,511001778,אסיה תורס,16,הסעת תלמידים למוסד חינוכי, כפר קרע ;, תיכון עש אחמד ע.יחיא 378018;,052,הסעות ח.רגיל חיפה,202411,1,איסוף,1,20,1,300500,אוטובוס ציבורי זעיר (16),0,1.529,0,42,1,0.8,1.17,1,1, ,786.24,786.24,0
301000,2,שכור,0,ללא,1,רגיל,0,שנתי,511001778,אסיה תורס,16,הסעת תלמידים למוסד חינוכי, כפר קרע ;, תיכון עש אחמד ע.יחיא 378018;,052,הסעות ח.רגיל חיפה,202411,2,פיזור,1,20,1,300500,אוטובוס ציבורי זעיר (16),0,1.53,0,42,1,0.8,1.17,1,1, ,786.24,786.24,0
302000,2,שכור,0,ללא,1,רגיל,0,שנתי,511001778,אסיה תורס,16,הסעת תלמידים למוסד חינוכי, כפר קרע ;, יסודי אלחוארנה 338210;,052,הסעות ח.רגיל חיפה,202411,1,איסוף,1,20,1,300500,אוטובוס ציבורי זעיר (16),0,1.464,0,111,1,0.8,1.17,1,1, ,2077.92,2077.92,0
302000,2,שכור,0,ללא,1,רגיל,0,שנתי,511001778,אסיה תורס,16,הסעת תלמידים למוסד חינוכי, כפר קרע ;, יסודי אלחוארנה 338210;,052,הסעות ח.רגיל חיפה,202411,2,פיזור,1,20,1,300500,אוטובוס ציבורי זעיר (16),0,1.284,0,111,1,0.8,1.17,1,1, ,2077.92,2077.92,0
303000,2,שכור,0,ללא,1,רגיל,0,שנתי,511001778,אסיה תורס,16,הסעת תלמידים למוסד חינוכי, כפר קרע ;, אלחכים 318576;חט"ב אבן סינא 348029;,052,הסעות ח.רגיל חיפה,202411,1,איסוף,1,20,1,30000,אוטובוס בינוני,0,1.505,0,138,1,0.8,1.17,1,1, ,2583.36,2583.36,0
303000,2,שכור,0,ללא,1,רגיל,0,שנתי,511001778,אסיה תורס,16,הסעת תלמידים למוסד חינוכי, כפר קרע ;, אלחכים 318576;חט"ב אבן סינא 348029;,052,הסעות ח.רגיל חיפה,202411,2,פיזור,1,20,1,30000,אוטובוס בינוני,0,1.519,0,138,1,0.8,1.17,1,1, ,2583.36,2583.36,0
301000,2,שכור,0,ללא,1,רגיל,0,שנתי,511001778,אסיה תורס,16,הסעת תלמידים למוסד חינוכי, כפר קרע ;, תיכון עש אחמד ע.יחיא 378018;,052,הסעות ח.רגיל חיפה,202412,1,איסוף,1,17,1,300500,אוטובוס ציבורי זעיר (16),0,1.529,0,42,1,0.8,1.17,1,1, ,668.3,668.3,0
301000,2,שכור,0,ללא,1,רגיל,0,שנתי,511001778,אסיה תורס,16,הסעת תלמידים למוסד חינוכי, כפר קרע ;, תיכון עש אחמד ע.יחיא 378018;,052,הסעות ח.רגיל חיפה,202412,2,פיזור,1,17,1,300500,אוטובוס ציבורי זעיר (16),0,1.53,0,42,1,0.8,1.17,1,1, ,668.3,668.3,0
302000,2,שכור,0,ללא,1,רגיל,0,שנתי,511001778,אסיה תורס,16,הסעת תלמידים למוסד חינוכי, כפר קרע ;, יסודי אלחוארנה 338210;,052,הסעות ח.רגיל חיפה,202412,1,איסוף,1,17,1,300500,אוטובוס ציבורי זעיר (16),0,1.464,0,111,1,0.8,1.17,1,1, ,1766.23,1766.23,0
302000,2,שכור,0,ללא,1,רגיל,0,שנתי,511001778,אסיה תורס,16,הסעת תלמידים למוסד חינוכי, כפר קרע ;, יסודי אלחוארנה 338210;,052,הסעות ח.רגיל חיפה,202412,2,פיזור,1,17,1,300500,אוטובוס ציבורי זעיר (16),0,1.284,0,111,1,0.8,1.17,1,1, ,1766.23,1766.23,0
303000,2,שכור,0,ללא,1,רגיל,0,שנתי,511001778,אסיה תורס,16,הסעת תלמידים למוסד חינוכי, כפר קרע ;, אלחכים 318576;חט"ב אבן סינא 348029;,052,הסעות ח.רגיל חיפה,202412,1,איסוף,1,17,1,30000,אוטובוס בינוני,0,1.505,0,138,1,0.8,1.17,1,1, ,2195.85,2195.85,0
303000,2,שכור,0,ללא,1,רגיל,0,שנתי,511001778,אסיה תורס,16,הסעת תלמידים למוסד חינוכי, כפר קרע ;, אלחכים 318576;חט"ב אבן סינא 348029;,052,הסעות ח.רגיל חיפה,202412,2,פיזור,1,17,1,30000,אוטובוס בינוני,0,1.519,0,138,1,0.8,1.17,1,1, ,2195.85,2195.85,0
303000,2,שכור,0,ללא,1,רגיל,0,שנתי,511001778,אסיה תורס,16,הסעת תלמידים למוסד חינוכי, כפר קרע ;, אלחכים 318576;חט"ב אבן סינא 348029;,052,הסעות ח.רגיל חיפה,202501,1,איסוף,1,14,1,30000,אוטובוס בינוני,0,1.505,0,138,1,0.8,1.18,1,1, ,1823.8,1823.8,0
302000,2,שכור,0,ללא,1,רגיל,0,שנתי,511001778,אסיה תורס,16,הסעת תלמידים למוסד חינוכי, כפר קרע ;, יסודי אלחוארנה 338210;,052,הסעות ח.רגיל חיפה,202501,2,פיזור,1,14,1,300500,אוטובוס ציבורי זעיר (16),0,1.284,0,111,1,0.8,1.18,1,1, ,1466.97,1466.97,0
302000,2,שכור,0,ללא,1,רגיל,0,שנתי,511001778,אסיה תורס,16,הסעת תלמידים למוסד חינוכי, כפר קרע ;, יסודי אלחוארנה 338210;,052,הסעות ח.רגיל חיפה,202501,1,איסוף,1,14,1,300500,אוטובוס ציבורי זעיר (16),0,1.464,0,111,1,0.8,1.18,1,1, ,1466.97,1466.97,0
301000,2,שכור,0,ללא,1,רגיל,0,שנתי,511001778,אסיה תורס,16,הסעת תלמידים למוסד חינוכי, כפר קרע ;, תיכון עש אחמד ע.יחיא 378018;,052,הסעות ח.רגיל חיפה,202501,2,פיזור,1,14,1,300500,אוטובוס ציבורי זעיר (16),0,1.53,0,42,1,0.8,1.18,1,1, ,555.07,555.07,0
301000,2,שכור,0,ללא,1,רגיל,0,שנתי,511001778,אסיה תורס,16,הסעת תלמידים למוסד חינוכי, כפר קרע ;, תיכון עש אחמד ע.יחיא 378018;,052,הסעות ח.רגיל חיפה,202501,1,איסוף,1,14,1,300500,אוטובוס ציבורי זעיר (16),0,1.529,0,42,1,0.8,1.18,1,1, ,555.07,555.07,0
303000,2,שכור,0,ללא,1,רגיל,0,שנתי,511001778,אסיה תורס,16,הסעת תלמידים למוסד חינוכי, כפר קרע ;, אלחכים 318576;חט"ב אבן סינא 348029;,052,הסעות ח.רגיל חיפה,202501,2,פיזור,1,14,1,30000,אוטובוס בינוני,0,1.519,0,138,1,0.8,1.18,1,1, ,1823.8,1823.8,0
301000,2,שכור,0,ללא,1,רגיל,0,שנתי,511001778,אסיה תורס,16,הסעת תלמידים למוסד חינוכי, כפר קרע ;, תיכון עש אחמד ע.יחיא 378018;,052,הסעות ח.רגיל חיפה,202502,2,פיזור,1,20,1,300500,אוטובוס ציבורי זעיר (16),0,1.53,0,42,1,0.8,1.18,1,1, ,792.96,792.96,0
301000,2,שכור,0,ללא,1,רגיל,0,שנתי,511001778,אסיה תורס,16,הסעת תלמידים למוסד חינוכי, כפר קרע ;, תיכון עש אחמד ע.יחיא 378018;,052,הסעות ח.רגיל חיפה,202502,1,איסוף,1,20,1,300500,אוטובוס ציבורי זעיר (16),0,1.529,0,42,1,0.8,1.18,1,1, ,792.96,792.96,0
302000,2,שכור,0,ללא,1,רגיל,0,שנתי,511001778,אסיה תורס,16,הסעת תלמידים למוסד חינוכי, כפר קרע ;, יסודי אלחוארנה 338210;,052,הסעות ח.רגיל חיפה,202502,1,איסוף,1,20,1,300500,אוטובוס ציבורי זעיר (16),0,1.464,0,111,1,0.8,1.18,1,1, ,2095.68,2095.68,0
302000,2,שכור,0,ללא,1,רגיל,0,שנתי,511001778,אסיה תורס,16,הסעת תלמידים למוסד חינוכי, כפר קרע ;, יסודי אלחוארנה 338210;,052,הסעות ח.רגיל חיפה,202502,2,פיזור,1,20,1,300500,אוטובוס ציבורי זעיר (16),0,1.284,0,111,1,0.8,1.18,1,1, ,2095.68,2095.68,0
303000,2,שכור,0,ללא,1,רגיל,0,שנתי,511001778,אסיה תורס,16,הסעת תלמידים למוסד חינוכי, כפר קרע ;, אלחכים 318576;חט"ב אבן סינא 348029;,052,הסעות ח.רגיל חיפה,202502,1,איסוף,1,20,1,30000,אוטובוס בינוני,0,1.505,0,138,1,0.8,1.18,1,1, ,2605.44,2605.44,0
303000,2,שכור,0,ללא,1,רגיל,0,שנתי,511001778,אסיה תורס,16,הסעת תלמידים למוסד חינוכי, כפר קרע ;, אלחכים 318576;חט"ב אבן סינא 348029;,052,הסעות ח.רגיל חיפה,202502,2,פיזור,1,20,1,30000,אוטובוס בינוני,0,1.519,0,138,1,0.8,1.18,1,1, ,2605.44,2605.44,0
301000,2,שכור,0,ללא,1,רגיל,0,שנתי,511001778,אסיה תורס,16,הסעת תלמידים למוסד חינוכי, כפר קרע ;, תיכון עש אחמד ע.יחיא 378018;,052,הסעות ח.רגיל חיפה,202503,1,איסוף,1,12,1,300500,אוטובוס ציבורי זעיר (16),0,1.529,0,42,1,0.8,1.18,1,1, ,475.77,475.77,0
301000,2,שכור,0,ללא,1,רגיל,0,שנתי,511001778,אסיה תורס,16,הסעת תלמידים למוסד חינוכי, כפר קרע ;, תיכון עש אחמד ע.יחיא 378018;,052,הסעות ח.רגיל חיפה,202503,2,פיזור,1,12,1,300500,אוטובוס ציבורי זעיר (16),0,1.53,0,42,1,0.8,1.18,1,1, ,475.77,475.77,0
302000,2,שכור,0,ללא,1,רגיל,0,שנתי,511001778,אסיה תורס,16,הסעת תלמידים למוסד חינוכי, כפר קרע ;, יסודי אלחוארנה 338210;,052,הסעות ח.רגיל חיפה,202503,1,איסוף,1,14,1,300500,אוטובוס ציבורי זעיר (16),0,1.464,0,111,1,0.8,1.18,1,1, ,1466.97,1466.97,0
302000,2,שכור,0,ללא,1,רגיל,0,שנתי,511001778,אסיה תורס,16,הסעת תלמידים למוסד חינוכי, כפר קרע ;, יסודי אלחוארנה 338210;,052,הסעות ח.רגיל חיפה,202503,2,פיזור,1,14,1,300500,אוטובוס ציבורי זעיר (16),0,1.284,0,111,1,0.8,1.18,1,1, ,1466.97,1466.97,0
303000,2,שכור,0,ללא,1,רגיל,0,שנתי,511001778,אסיה תורס,16,הסעת תלמידים למוסד חינוכי, כפר קרע ;, אלחכים 318576;חט"ב אבן סינא 348029;,052,הסעות ח.רגיל חיפה,202503,1,איסוף,1,14,1,30000,אוטובוס בינוני,0,1.505,0,138,1,0.8,1.18,1,1, ,1823.8,1823.8,0
303000,2,שכור,0,ללא,1,רגיל,0,שנתי,511001778,אסיה תורס,16,הסעת תלמידים למוסד חינוכי, כפר קרע ;, אלחכים 318576;חט"ב אבן סינא 348029;,052,הסעות ח.רגיל חיפה,202503,2,פיזור,1,14,1,30000,אוטובוס בינוני,0,1.519,0,138,1,0.8,1.18,1,1, ,1823.8,1823.8,0
301000,2,שכור,0,ללא,1,רגיל,0,שנתי,511001778,אסיה תורס,16,הסעת תלמידים למוסד חינוכי, כפר קרע ;, תיכון עש אחמד ע.יחיא 378018;,052,הסעות ח.רגיל חיפה,202504,2,פיזור,1,20,1,300500,אוטובוס ציבורי זעיר (16),0,1.53,0,42,1,0.8,1.18,1,1, ,792.96,792.96,0
301000,2,שכור,0,ללא,1,רגיל,0,שנתי,511001778,אסיה תורס,16,הסעת תלמידים למוסד חינוכי, כפר קרע ;, תיכון עש אחמד ע.יחיא 378018;,052,הסעות ח.רגיל חיפה,202504,1,איסוף,1,20,1,300500,אוטובוס ציבורי זעיר (16),0,1.529,0,42,1,0.8,1.18,1,1, ,792.96,792.96,0
302000,2,שכור,0,ללא,1,רגיל,0,שנתי,511001778,אסיה תורס,16,הסעת תלמידים למוסד חינוכי, כפר קרע ;, יסודי אלחוארנה 338210;,052,הסעות ח.רגיל חיפה,202504,1,איסוף,1,20,1,300500,אוטובוס ציבורי זעיר (16),0,1.464,0,111,1,0.8,1.18,1,1, ,2095.68,2095.68,0
303000,2,שכור,0,ללא,1,רגיל,0,שנתי,511001778,אסיה תורס,16,הסעת תלמידים למוסד חינוכי, כפר קרע ;, אלחכים 318576;חט"ב אבן סינא 348029;,052,הסעות ח.רגיל חיפה,202504,2,פיזור,1,20,1,30000,אוטובוס בינוני,0,1.519,0,138,1,0.8,1.18,1,1, ,2605.44,2605.44,0
303000,2,שכור,0,ללא,1,רגיל,0,שנתי,511001778,אסיה תורס,16,הסעת תלמידים למוסד חינוכי, כפר קרע ;, אלחכים 318576;חט"ב אבן סינא 348029;,052,הסעות ח.רגיל חיפה,202504,1,איסוף,1,20,1,30000,אוטובוס בינוני,0,1.505,0,138,1,0.8,1.18,1,1, ,2605.44,2605.44,0
302000,2,שכור,0,ללא,1,רגיל,0,שנתי,511001778,אסיה תורס,16,הסעת תלמידים למוסד חינוכי, כפר קרע ;, יסודי אלחוארנה 338210;,052,הסעות ח.רגיל חיפה,202504,2,פיזור,1,20,1,300500,אוטובוס ציבורי זעיר (16),0,1.284,0,111,1,0.8,1.18,1,1, ,2095.68,2095.68,0
301000,2,שכור,0,ללא,1,רגיל,0,שנתי,511001778,אסיה תורס,16,הסעת תלמידים למוסד חינוכי, כפר קרע ;, תיכון עש אחמד ע.יחיא 378018;,052,הסעות ח.רגיל חיפה,202505,1,איסוף,1,20,1,300500,אוטובוס ציבורי זעיר (16),0,1.529,0,42,1,0.8,1.18,1,1, ,792.96,792.96,0
301000,2,שכור,0,ללא,1,רגיל,0,שנתי,511001778,אסיה תורס,16,הסעת תלמידים למוסד חינוכי, כפר קרע ;, תיכון עש אחמד ע.יחיא 378018;,052,הסעות ח.רגיל חיפה,202505,2,פיזור,1,20,1,300500,אוטובוס ציבורי זעיר (16),0,1.53,0,42,1,0.8,1.18,1,1, ,792.96,792.96,0
302000,2,שכור,0,ללא,1,רגיל,0,שנתי,511001778,אסיה תורס,16,הסעת תלמידים למוסד חינוכי, כפר קרע ;, יסודי אלחוארנה 338210;,052,הסעות ח.רגיל חיפה,202505,1,איסוף,1,20,1,300500,אוטובוס ציבורי זעיר (16),0,1.464,0,111,1,0.8,1.18,1,1, ,2095.68,2095.68,0
302000,2,שכור,0,ללא,1,רגיל,0,שנתי,511001778,אסיה תורס,16,הסעת תלמידים למוסד חינוכי, כפר קרע ;, יסודי אלחוארנה 338210;,052,הסעות ח.רגיל חיפה,202505,2,פיזור,1,20,1,300500,אוטובוס ציבורי זעיר (16),0,1.284,0,111,1,0.8,1.18,1,1, ,2095.68,2095.68,0
303000,2,שכור,0,ללא,1,רגיל,0,שנתי,511001778,אסיה תורס,16,הסעת תלמידים למוסד חינוכי, כפר קרע ;, אלחכים 318576;חט"ב אבן סינא 348029;,052,הסעות ח.רגיל חיפה,202505,1,איסוף,1,20,1,30000,אוטובוס בינוני,0,1.505,0,138,1,0.8,1.18,1,1, ,2605.44,2605.44,0
303000,2,שכור,0,ללא,1,רגיל,0,שנתי,511001778,אסיה תורס,16,הסעת תלמידים למוסד חינוכי, כפר קרע ;, אלחכים 318576;חט"ב אבן סינא 348029;,052,הסעות ח.רגיל חיפה,202505,2,פיזור,1,20,1,30000,אוטובוס בינוני,0,1.519,0,138,1,0.8,1.18,1,1, ,2605.44,2605.44,0
301000,2,שכור,0,ללא,1,רגיל,0,שנתי,511001778,אסיה תורס,16,הסעת תלמידים למוסד חינוכי, כפר קרע ;, תיכון עש אחמד ע.יחיא 378018;,052,הסעות ח.רגיל חיפה,202506,1,איסוף,1,7,1,300500,אוטובוס ציבורי זעיר (16),0,1.529,0,42,1,0.8,1.18,1,1, ,277.53,277.53,0
301000,2,שכור,0,ללא,1,רגיל,0,שנתי,511001778,אסיה תורס,16,הסעת תלמידים למוסד חינוכי, כפר קרע ;, תיכון עש אחמד ע.יחיא 378018;,052,הסעות ח.רגיל חיפה,202506,2,פיזור,1,7,1,300500,אוטובוס ציבורי זעיר (16),0,1.53,0,42,1,0.8,1.18,1,1, ,277.53,277.53,0
303000,2,שכור,0,ללא,1,רגיל,0,שנתי,511001778,אסיה תורס,16,הסעת תלמידים למוסד חינוכי, כפר קרע ;, אלחכים 318576;חט"ב אבן סינא 348029;,052,הסעות ח.רגיל חיפה,202506,1,איסוף,1,10,1,30000,אוטובוס בינוני,0,1.505,0,138,1,0.8,1.18,1,1, ,1302.72,1302.72,0
302000,2,שכור,0,ללא,1,רגיל,0,שנתי,511001778,אסיה תורס,16,הסעת תלמידים למוסד חינוכי, כפר קרע ;, יסודי אלחוארנה 338210;,052,הסעות ח.רגיל חיפה,202506,2,פיזור,1,10,1,300500,אוטובוס ציבורי זעיר (16),0,1.284,0,111,1,0.8,1.18,1,1, ,1047.84,1047.84,0
302000,2,שכור,0,ללא,1,רגיל,0,שנתי,511001778,אסיה תורס,16,הסעת תלמידים למוסד חינוכי, כפר קרע ;, יסודי אלחוארנה 338210;,052,הסעות ח.רגיל חיפה,202506,1,איסוף,1,10,1,300500,אוטובוס ציבורי זעיר (16),0,1.464,0,111,1,0.8,1.18,1,1, ,1047.84,1047.84,0
303000,2,שכור,0,ללא,1,רגיל,0,שנתי,511001778,אסיה תורס,16,הסעת תלמידים למוסד חינוכי, כפר קרע ;, אלחכים 318576;חט"ב אבן סינא 348029;,052,הסעות ח.רגיל חיפה,202506,2,פיזור,1,10,1,30000,אוטובוס בינוני,0,1.519,0,138,1,0.8,1.18,1,1, ,1302.72,1302.72,0
701000,2,שכור,0,ללא,2,חינוך מיוחד,0,שנתי,511001778,אסיה תורס,16,הסעת תלמידים למוסד חינוכי, כפר קרע ;, גן א' 108415;גן א' 108456;גן ג' 108498;גן אלאנג'אם 162396;אלעדאס 176172;גן ו' 199612;אלשורוק 319335;הלב הקדוש 328088;אלאימאן 451351;גן אלבסמה 523175;גן אלענאדל 523233;,140,הסעות ח.מיוחד חיפה,202409,1,איסוף,1,21,1,300500,אוטובוס ציבורי זעיר (16),0,5.957,0,149,1,0.8,1.17,1,1, ,2928.74,2928.74,0
671200,2,שכור,0,ללא,2,חינוך מיוחד,0,שנתי,514299411,מטיילי האלוף בע"מ,16,הסעת תלמידים למוסד חינוכי, כפר קרע ;, מעון גל-אור 320457;תכון חדרה בית-אליעזר 344382;,140,הסעות ח.מיוחד חיפה,202409,2,פיזור,1,26,1,320000,א.זעיר ציבורי בטיחותי (מעלון),0,21.423,0,187,1,0.8,1.17,1,1, ,4550.83,4550.83,0
702000,2,שכור,0,ללא,2,חינוך מיוחד,0,שנתי,511001778,אסיה תורס,16,הסעת תלמידים למוסד חינוכי, כפר קרע ;, אלמוסתקבל 318188;יסודי אלחוארנה 338210;חט"ב כפר קרע ב' 348284;גן אלתפאול 523225;,140,הסעות ח.מיוחד חיפה,202409,1,איסוף,1,21,1,30000,אוטובוס בינוני,0,29.158,0,142,1,0.8,1.17,1,1, ,2791.15,2791.15,0
702000,2,שכור,0,ללא,2,חינוך מיוחד,0,שנתי,511001778,אסיה תורס,16,הסעת תלמידים למוסד חינוכי, כפר קרע ;, אלמוסתקבל 318188;יסודי אלחוארנה 338210;חט"ב כפר קרע ב' 348284;גן אלתפאול 523225;,140,הסעות ח.מיוחד חיפה,202409,2,פיזור,1,21,1,30000,אוטובוס בינוני,0,29.201,0,142,1,0.8,1.17,1,1, ,2791.15,2791.15,0
703000,2,שכור,0,ללא,2,חינוך מיוחד,0,שנתי,511001778,אסיה תורס,16,הסעת תלמידים למוסד חינוכי, כפר קרע ;, גן אלנור 235648;יד ביד גשר על 328153;גן אלאמל 337279;אלקיאן לקשר ותקשורת 384099;אלורוד 456533;,140,הסעות ח.מיוחד חיפה,202409,1,איסוף,1,24,1,300500,אוטובוס ציבורי זעיר (16),0,6.704,0,137,1,0.8,1.17,1,1, ,3077.56,3077.56,0
703000,2,שכור,0,ללא,2,חינוך מיוחד,0,שנתי,511001778,אסיה תורס,16,הסעת תלמידים למוסד חינוכי, כפר קרע ;, גן אלנור 235648;יד ביד גשר על 328153;גן אלאמל 337279;אלקיאן לקשר ותקשורת 384099;אלורוד 456533;,140,הסעות ח.מיוחד חיפה,202409,2,פיזור,1,24,1,300500,אוטובוס ציבורי זעיר (16),0,6.707,0,137,1,0.8,1.17,1,1, ,3077.56,3077.56,0
706000,2,שכור,0,ללא,2,חינוך מיוחד,0,שנתי,511001778,אסיה תורס,16,הסעת תלמידים למוסד חינוכי, כפר קרע ;, נצרת חרשים עוורים 228015;תיכון רנד לחנ"מ 359182;,140,הסעות ח.מיוחד חיפה,202409,1,איסוף,1,21,1,300000,א. זעיר ציבורי,0,39.576,0,300,1,0.8,1.17,1,1, ,5896.8,5896.8,0
706000,2,שכור,0,ללא,2,חינוך מיוחד,0,שנתי,511001778,אסיה תורס,16,הסעת תלמידים למוסד חינוכי, כפר קרע ;, נצרת חרשים עוורים 228015;,140,הסעות ח.מיוחד חיפה,202409,2,פיזור,1,21,1,300000,א. זעיר ציבורי,0,39.143,0,300,1,0.8,1.17,1,1, ,5896.8,5896.8,0
706000,2,שכור,0,ללא,2,חינוך מיוחד,0,שנתי,511001778,אסיה תורס,16,הסעת תלמידים למוסד חינוכי, כפר קרע ;, תיכון רנד לחנ"מ 359182;,140,הסעות ח.מיוחד חיפה,202409,2,פיזור,2,21,1,300000,א. זעיר ציבורי,0,48.2,0,300,1,0.8,1.17,1,1, ,5896.8,5896.8,0
707000,2,שכור,0,ללא,2,חינוך מיוחד,0,שנתי,514299411,מטיילי האלוף בע"מ,16,הסעת תלמידים למוסד חינוכי, כפר קרע ;, עומר בן אלחטאב 318071;אלרחמה 328096;ביה"ס גת המשולש 348185;עי"ס אלקאסמי 348342;384412,140,הסעות ח.מיוחד חיפה,202409,1,איסוף,1,21,1,300500,אוטובוס ציבורי זעיר (16),0,20.271,0,180,1,0.8,1.17,1,1, ,3538.08,3538.08,0
707000,2,שכור,0,ללא,2,חינוך מיוחד,0,שנתי,514299411,מטיילי האלוף בע"מ,16,הסעת תלמידים למוסד חינוכי, כפר קרע ;, עומר בן אלחטאב 318071;אלרחמה 328096;ביה"ס גת המשולש 348185;עי"ס אלקאסמי 348342;,140,הסעות ח.מיוחד חיפה,202409,2,פיזור,1,21,1,300500,אוטובוס ציבורי זעיר (16),0,19.49,0,180,1,0.8,1.17,1,1, ,3538.08,3538.08,0
711000,2,שכור,0,ללא,2,חינוך מיוחד,0,שנתי,514299411,מטיילי האלוף בע"מ,16,הסעת תלמידים למוסד חינוכי, כפר קרע ;, אלאמל חינוך מיוחד 328039;תיכון ח'דיג'ה 348250;,140,הסעות ח.מיוחד חיפה,202409,1,איסוף,1,21,1,320000,א.זעיר ציבורי בטיחותי (מעלון),0,13.614,0,277,1,0.8,1.17,1,1, ,5444.71,5444.71,0
711000,2,שכור,0,ללא,2,חינוך מיוחד,0,שנתי,514299411,מטיילי האלוף בע"מ,16,הסעת תלמידים למוסד חינוכי, כפר קרע ;, אלאמל חינוך מיוחד 328039;תיכון ח'דיג'ה 348250;,140,הסעות ח.מיוחד חיפה,202409,2,פיזור,1,21,1,320000,א.זעיר ציבורי בטיחותי (מעלון),0,13.69,0,277,1,0.8,1.17,1,1, ,5444.71,5444.71,0
711001,2,שכור,0,ללא,2,חינוך מיוחד,0,שנתי,511001778,אסיה תורס,16,הסעת תלמידים למוסד חינוכי, כפר קרע ;, גן אלסעאדה 193375;יסודי שיכון מערבי 317123;אבן חלדון 318428;ערערה אלדהראת 318527;חט"ב עין ג'ראר 347062;אפאק 348102;,140,הסעות ח.מיוחד חיפה,202409,1,איסוף,1,21,1,300000,א. זעיר ציבורי,0,38.108,0,266,1,0.8,1.17,1,1, ,5228.49,5228.49,0
711001,2,שכור,0,ללא,2,חינוך מיוחד,0,שנתי,511001778,אסיה תורס,16,הסעת תלמידים למוסד חינוכי, כפר קרע ;, גן אלסעאדה 193375;יסודי שיכון מערבי 317123;אבן חלדון 318428;ערערה אלדהראת 318527;חט"ב עין ג'ראר 347062;אפאק 348102;,140,הסעות ח.מיוחד חיפה,202409,2,פיזור,1,21,1,300000,א. זעיר ציבורי,0,38.471,0,266,1,0.8,1.17,1,1, ,5228.49,5228.49,0
712000,2,שכור,0,ללא,2,חינוך מיוחד,0,שנתי,514299411,מטיילי האלוף בע"מ,16,הסעת תלמידים למוסד חינוכי, כפר קרע ;, מעון גל-אור 320457;תכון חדרה בית-אליעזר 344382;,140,הסעות ח.מיוחד חיפה,202409,1,איסוף,1,26,1,320000,א.זעיר ציבורי בטיחותי (מעלון),0,21.457,0,187,1,0.8,1.17,1,1, ,4550.83,4550.83,0
714000,2,שכור,0,ללא,2,חינוך מיוחד,0,שנתי,514299411,מטיילי האלוף בע"מ,16,הסעת תלמידים למוסד חינוכי, כפר קרע ;, עראק אלשבאב 318337;אלעטאא 338046;תיכון קטאין אלשומר 342352;אלפיחאא 451401;יסודי מנהיגות אומנו 719625;,140,הסעות ח.מיוחד חיפה,202409,1,איסוף,1,21,1,300500,אוטובוס ציבורי זעיר (16),0,20.973,0,270,1,0.8,1.17,1,1, ,5307.12,5307.12,0
714000,2,שכור,0,ללא,2,חינוך מיוחד,0,שנתי,514299411,מטיילי האלוף בע"מ,16,הסעת תלמידים למוסד חינוכי, כפר קרע ;, עראק אלשבאב 318337;אלעטאא 338046;תיכון קטאין אלשומר 342352;אלפיחאא 451401;יסודי מנהיגות אומנו 719625;,140,הסעות ח.מיוחד חיפה,202409,2,פיזור,1,21,1,300500,אוטובוס ציבורי זעיר (16),0,20.98,0,270,1,0.8,1.17,1,1, ,5307.12,5307.12,0
716000,2,שכור,0,ללא,2,חינוך מיוחד,0,שנתי,514299411,מטיילי האלוף בע"מ,16,הסעת תלמידים למוסד חינוכי, כפר קרע ;, אלרחמה 328096;384412,140,הסעות ח.מיוחד חיפה,202409,2,פיזור,1,25,1,300000,א. זעיר ציבורי,0,18.286,0,118,1,0.8,1.17,1,1, ,2761.2,2761.2,0
719000,2,שכור,0,ללא,2,חינוך מיוחד,0,שנתי,514299411,מטיילי האלוף בע"מ,16,הסעת תלמידים למוסד חינוכי, כפר קרע ;, ערערה_גן 108647;אל-מנאר 328070;גן סיפי 518290;,140,הסעות ח.מיוחד חיפה,202409,1,איסוף,1,21,1,300000,א. זעיר ציבורי,0,3.895,0,256,1,0.8,1.17,1,1, ,5031.93,5031.93,0
719000,2,שכור,0,ללא,2,חינוך מיוחד,0,שנתי,514299411,מטיילי האלוף בע"מ,16,הסעת תלמידים למוסד חינוכי, כפר קרע ;, ערערה_גן 108647;אל-מנאר 328070;גן סיפי 518290;,140,הסעות ח.מיוחד חיפה,202409,2,פיזור,1,21,1,300000,א. זעיר ציבורי,0,3.955,0,256,1,0.8,1.17,1,1, ,5031.93,5031.93,0
701000,2,שכור,0,ללא,2,חינוך מיוחד,0,שנתי,511001778,אסיה תורס,16,הסעת תלמידים למוסד חינוכי, כפר קרע ;, גן א' 108415;גן א' 108456;גן ג' 108498;גן אלאנג'אם 162396;אלעדאס 176172;גן ו' 199612;אלשורוק 319335;הלב הקדוש 328088;אלאימאן 451351;גן אלבסמה 523175;גן אלענאדל 523233;,140,הסעות ח.מיוחד חיפה,202409,2,פיזור,1,21,1,300500,אוטובוס ציבורי זעיר (16),0,5.752,0,149,1,0.8,1.17,1,1, ,2928.74,2928.74,0
671200,2,שכור,0,ללא,2,חינוך מיוחד,0,שנתי,514299411,מטיילי האלוף בע"מ,16,הסעת תלמידים למוסד חינוכי, כפר קרע ;, מעון גל-אור 320457;תכון חדרה בית-אליעזר 344382;,140,הסעות ח.מיוחד חיפה,202410,2,פיזור,1,12,1,320000,א.זעיר ציבורי בטיחותי (מעלון),0,21.423,0,187,1,0.8,1.17,1,1, ,2100.38,2100.38,0
701000,2,שכור,0,ללא,2,חינוך מיוחד,0,שנתי,511001778,אסיה תורס,16,הסעת תלמידים למוסד חינוכי, כפר קרע ;, גן א' 108415;גן א' 108456;גן ג' 108498;גן אלאנג'אם 162396;אלעדאס 176172;גן ו' 199612;אלשורוק 319335;הלב הקדוש 328088;אלאימאן 451351;גן אלבסמה 523175;גן אלענאדל 523233;,140,הסעות ח.מיוחד חיפה,202410,1,איסוף,1,23,1,300500,אוטובוס ציבורי זעיר (16),0,5.957,0,149,1,0.8,1.17,1,1, ,3207.67,3207.67,0
701000,2,שכור,0,ללא,2,חינוך מיוחד,0,שנתי,511001778,אסיה תורס,16,הסעת תלמידים למוסד חינוכי, כפר קרע ;, גן א' 108415;גן א' 108456;גן ג' 108498;גן אלאנג'אם 162396;אלעדאס 176172;גן ו' 199612;אלשורוק 319335;הלב הקדוש 328088;אלאימאן 451351;גן אלבסמה 523175;גן אלענאדל 523233;,140,הסעות ח.מיוחד חיפה,202410,2,פיזור,1,23,1,300500,אוטובוס ציבורי זעיר (16),0,5.752,0,149,1,0.8,1.17,1,1, ,3207.67,3207.67,0
702000,2,שכור,0,ללא,2,חינוך מיוחד,0,שנתי,511001778,אסיה תורס,16,הסעת תלמידים למוסד חינוכי, כפר קרע ;, אלמוסתקבל 318188;יסודי אלחוארנה 338210;חט"ב כפר קרע ב' 348284;גן אלתפאול 523225;,140,הסעות ח.מיוחד חיפה,202410,1,איסוף,1,23,1,30000,אוטובוס בינוני,0,29.158,0,142,1,0.8,1.17,1,1, ,3056.97,3056.97,0
702000,2,שכור,0,ללא,2,חינוך מיוחד,0,שנתי,511001778,אסיה תורס,16,הסעת תלמידים למוסד חינוכי, כפר קרע ;, אלמוסתקבל 318188;יסודי אלחוארנה 338210;חט"ב כפר קרע ב' 348284;גן אלתפאול 523225;,140,הסעות ח.מיוחד חיפה,202410,2,פיזור,1,23,1,30000,אוטובוס בינוני,0,29.201,0,142,1,0.8,1.17,1,1, ,3056.97,3056.97,0
703000,2,שכור,0,ללא,2,חינוך מיוחד,0,שנתי,511001778,אסיה תורס,16,הסעת תלמידים למוסד חינוכי, כפר קרע ;, גן אלנור 235648;יד ביד גשר על 328153;גן אלאמל 337279;אלקיאן לקשר ותקשורת 384099;אלורוד 456533;,140,הסעות ח.מיוחד חיפה,202410,1,איסוף,1,27,1,300500,אוטובוס ציבורי זעיר (16),0,6.704,0,137,1,0.8,1.17,1,1, ,3462.26,3462.26,0
703000,2,שכור,0,ללא,2,חינוך מיוחד,0,שנתי,511001778,אסיה תורס,16,הסעת תלמידים למוסד חינוכי, כפר קרע ;, גן אלנור 235648;יד ביד גשר על 328153;גן אלאמל 337279;אלקיאן לקשר ותקשורת 384099;אלורוד 456533;,140,הסעות ח.מיוחד חיפה,202410,2,פיזור,1,27,1,300500,אוטובוס ציבורי זעיר (16),0,6.707,0,137,1,0.8,1.17,1,1, ,3462.26,3462.26,0
706000,2,שכור,0,ללא,2,חינוך מיוחד,0,שנתי,511001778,אסיה תורס,16,הסעת תלמידים למוסד חינוכי, כפר קרע ;, נצרת חרשים עוורים 228015;תיכון רנד לחנ"מ 359182;,140,הסעות ח.מיוחד חיפה,202410,1,איסוף,1,23,1,300000,א. זעיר ציבורי,0,39.576,0,300,1,0.8,1.17,1,1, ,6458.4,6458.4,0
706000,2,שכור,0,ללא,2,חינוך מיוחד,0,שנתי,511001778,אסיה תורס,16,הסעת תלמידים למוסד חינוכי, כפר קרע ;, נצרת חרשים עוורים 228015;,140,הסעות ח.מיוחד חיפה,202410,2,פיזור,1,23,1,300000,א. זעיר ציבורי,0,39.143,0,300,1,0.8,1.17,1,1, ,6458.4,6458.4,0
706000,2,שכור,0,ללא,2,חינוך מיוחד,0,שנתי,511001778,אסיה תורס,16,הסעת תלמידים למוסד חינוכי, כפר קרע ;, תיכון רנד לחנ"מ 359182;,140,הסעות ח.מיוחד חיפה,202410,2,פיזור,2,23,1,300000,א. זעיר ציבורי,0,48.2,0,300,1,0.8,1.17,1,1, ,6458.4,6458.4,0
707000,2,שכור,0,ללא,2,חינוך מיוחד,0,שנתי,514299411,מטיילי האלוף בע"מ,16,הסעת תלמידים למוסד חינוכי, כפר קרע ;, עומר בן אלחטאב 318071;אלרחמה 328096;ביה"ס גת המשולש 348185;עי"ס אלקאסמי 348342;384412,140,הסעות ח.מיוחד חיפה,202410,1,איסוף,1,23,1,300500,אוטובוס ציבורי זעיר (16),0,20.271,0,180,1,0.8,1.17,1,1, ,3875.04,3875.04,0
707000,2,שכור,0,ללא,2,חינוך מיוחד,0,שנתי,514299411,מטיילי האלוף בע"מ,16,הסעת תלמידים למוסד חינוכי, כפר קרע ;, עומר בן אלחטאב 318071;אלרחמה 328096;ביה"ס גת המשולש 348185;עי"ס אלקאסמי 348342;,140,הסעות ח.מיוחד חיפה,202410,2,פיזור,1,23,1,300500,אוטובוס ציבורי זעיר (16),0,19.49,0,180,1,0.8,1.17,1,1, ,3875.04,3875.04,0
711000,2,שכור,0,ללא,2,חינוך מיוחד,0,שנתי,514299411,מטיילי האלוף בע"מ,16,הסעת תלמידים למוסד חינוכי, כפר קרע ;, אלאמל חינוך מיוחד 328039;תיכון ח'דיג'ה 348250;,140,הסעות ח.מיוחד חיפה,202410,1,איסוף,1,23,1,320000,א.זעיר ציבורי בטיחותי (מעלון),0,13.614,0,277,1,0.8,1.17,1,1, ,5963.25,5963.25,0
711000,2,שכור,0,ללא,2,חינוך מיוחד,0,שנתי,514299411,מטיילי האלוף בע"מ,16,הסעת תלמידים למוסד חינוכי, כפר קרע ;, אלאמל חינוך מיוחד 328039;תיכון ח'דיג'ה 348250;,140,הסעות ח.מיוחד חיפה,202410,2,פיזור,1,23,1,320000,א.זעיר ציבורי בטיחותי (מעלון),0,13.69,0,277,1,0.8,1.17,1,1, ,5963.25,5963.25,0
711001,2,שכור,0,ללא,2,חינוך מיוחד,0,שנתי,511001778,אסיה תורס,16,הסעת תלמידים למוסד חינוכי, כפר קרע ;, גן אלסעאדה 193375;יסודי שיכון מערבי 317123;אבן חלדון 318428;ערערה אלדהראת 318527;חט"ב עין ג'ראר 347062;אפאק 348102;,140,הסעות ח.מיוחד חיפה,202410,1,איסוף,1,23,1,300000,א. זעיר ציבורי,0,38.108,0,266,1,0.8,1.17,1,1, ,5726.44,5726.44,0
711001,2,שכור,0,ללא,2,חינוך מיוחד,0,שנתי,511001778,אסיה תורס,16,הסעת תלמידים למוסד חינוכי, כפר קרע ;, גן אלסעאדה 193375;יסודי שיכון מערבי 317123;אבן חלדון 318428;ערערה אלדהראת 318527;חט"ב עין ג'ראר 347062;אפאק 348102;,140,הסעות ח.מיוחד חיפה,202410,2,פיזור,1,23,1,300000,א. זעיר ציבורי,0,38.471,0,266,1,0.8,1.17,1,1, ,5726.44,5726.44,0
712000,2,שכור,0,ללא,2,חינוך מיוחד,0,שנתי,514299411,מטיילי האלוף בע"מ,16,הסעת תלמידים למוסד חינוכי, כפר קרע ;, מעון גל-אור 320457;תכון חדרה בית-אליעזר 344382;,140,הסעות ח.מיוחד חיפה,202410,1,איסוף,1,12,1,320000,א.זעיר ציבורי בטיחותי (מעלון),0,21.457,0,187,1,0.8,1.17,1,1, ,2100.38,2100.38,0
714000,2,שכור,0,ללא,2,חינוך מיוחד,0,שנתי,514299411,מטיילי האלוף בע"מ,16,הסעת תלמידים למוסד חינוכי, כפר קרע ;, עראק אלשבאב 318337;אלעטאא 338046;תיכון קטאין אלשומר 342352;אלפיחאא 451401;יסודי מנהיגות אומנו 719625;,140,הסעות ח.מיוחד חיפה,202410,1,איסוף,1,23,1,300500,אוטובוס ציבורי זעיר (16),0,20.973,0,270,1,0.8,1.17,1,1, ,5812.56,5812.56,0
714000,2,שכור,0,ללא,2,חינוך מיוחד,0,שנתי,514299411,מטיילי האלוף בע"מ,16,הסעת תלמידים למוסד חינוכי, כפר קרע ;, עראק אלשבאב 318337;אלעטאא 338046;תיכון קטאין אלשומר 342352;אלפיחאא 451401;יסודי מנהיגות אומנו 719625;,140,הסעות ח.מיוחד חיפה,202410,2,פיזור,1,23,1,300500,אוטובוס ציבורי זעיר (16),0,20.98,0,270,1,0.8,1.17,1,1, ,5812.56,5812.56,0
716000,2,שכור,0,ללא,2,חינוך מיוחד,0,שנתי,514299411,מטיילי האלוף בע"מ,16,הסעת תלמידים למוסד חינוכי, כפר קרע ;, אלרחמה 328096;384412,140,הסעות ח.מיוחד חיפה,202410,2,פיזור,1,27,1,300000,א. זעיר ציבורי,0,18.286,0,118,1,0.8,1.17,1,1, ,2982.09,2982.09,0
719000,2,שכור,0,ללא,2,חינוך מיוחד,0,שנתי,514299411,מטיילי האלוף בע"מ,16,הסעת תלמידים למוסד חינוכי, כפר קרע ;, ערערה_גן 108647;אל-מנאר 328070;גן סיפי 518290;,140,הסעות ח.מיוחד חיפה,202410,1,איסוף,1,23,1,300000,א. זעיר ציבורי,0,3.895,0,256,1,0.8,1.17,1,1, ,5511.16,5511.16,0
719000,2,שכור,0,ללא,2,חינוך מיוחד,0,שנתי,514299411,מטיילי האלוף בע"מ,16,הסעת תלמידים למוסד חינוכי, כפר קרע ;, ערערה_גן 108647;אל-מנאר 328070;גן סיפי 518290;,140,הסעות ח.מיוחד חיפה,202410,2,פיזור,1,23,1,300000,א. זעיר ציבורי,0,3.955,0,256,1,0.8,1.17,1,1, ,5511.16,5511.16,0
671200,2,שכור,0,ללא,2,חינוך מיוחד,0,שנתי,514299411,מטיילי האלוף בע"מ,16,הסעת תלמידים למוסד חינוכי, כפר קרע ;, מעון גל-אור 320457;תכון חדרה בית-אליעזר 344382;,140,הסעות ח.מיוחד חיפה,202411,2,פיזור,1,25,1,320000,א.זעיר ציבורי בטיחותי (מעלון),0,21.423,0,187,1,0.8,1.17,1,1, ,4375.8,4375.8,0
701000,2,שכור,0,ללא,2,חינוך מיוחד,0,שנתי,511001778,אסיה תורס,16,הסעת תלמידים למוסד חינוכי, כפר קרע ;, גן א' 108415;גן א' 108456;גן ג' 108498;גן אלאנג'אם 162396;אלעדאס 176172;גן ו' 199612;אלשורוק 319335;הלב הקדוש 328088;אלאימאן 451351;גן אלבסמה 523175;גן אלענאדל 523233;,140,הסעות ח.מיוחד חיפה,202411,1,איסוף,1,20,1,300500,אוטובוס ציבורי זעיר (16),0,5.957,0,149,1,0.8,1.17,1,1, ,2789.28,2789.28,0
719000,2,שכור,0,ללא,2,חינוך מיוחד,0,שנתי,514299411,מטיילי האלוף בע"מ,16,הסעת תלמידים למוסד חינוכי, כפר קרע ;, ערערה_גן 108647;אל-מנאר 328070;גן סיפי 518290;,140,הסעות ח.מיוחד חיפה,202411,2,פיזור,1,20,1,300000,א. זעיר ציבורי,0,3.955,0,256,1,0.8,1.17,1,1, ,4792.32,4792.32,0
719000,2,שכור,0,ללא,2,חינוך מיוחד,0,שנתי,514299411,מטיילי האלוף בע"מ,16,הסעת תלמידים למוסד חינוכי, כפר קרע ;, ערערה_גן 108647;אל-מנאר 328070;גן סיפי 518290;,140,הסעות ח.מיוחד חיפה,202411,1,איסוף,1,20,1,300000,א. זעיר ציבורי,0,3.895,0,256,1,0.8,1.17,1,1, ,4792.32,4792.32,0
716000,2,שכור,0,ללא,2,חינוך מיוחד,0,שנתי,514299411,מטיילי האלוף בע"מ,16,הסעת תלמידים למוסד חינוכי, כפר קרע ;, אלרחמה 328096;384412,140,הסעות ח.מיוחד חיפה,202411,2,פיזור,1,25,1,300000,א. זעיר ציבורי,0,18.286,0,118,1,0.8,1.17,1,1, ,2761.2,2761.2,0
714000,2,שכור,0,ללא,2,חינוך מיוחד,0,שנתי,514299411,מטיילי האלוף בע"מ,16,הסעת תלמידים למוסד חינוכי, כפר קרע ;, עראק אלשבאב 318337;אלעטאא 338046;תיכון קטאין אלשומר 342352;אלפיחאא 451401;יסודי מנהיגות אומנו 719625;,140,הסעות ח.מיוחד חיפה,202411,2,פיזור,1,20,1,300500,אוטובוס ציבורי זעיר (16),0,20.98,0,270,1,0.8,1.17,1,1, ,5054.4,5054.4,0
714000,2,שכור,0,ללא,2,חינוך מיוחד,0,שנתי,514299411,מטיילי האלוף בע"מ,16,הסעת תלמידים למוסד חינוכי, כפר קרע ;, עראק אלשבאב 318337;אלעטאא 338046;תיכון קטאין אלשומר 342352;אלפיחאא 451401;יסודי מנהיגות אומנו 719625;,140,הסעות ח.מיוחד חיפה,202411,1,איסוף,1,20,1,300500,אוטובוס ציבורי זעיר (16),0,20.973,0,270,1,0.8,1.17,1,1, ,5054.4,5054.4,0
712000,2,שכור,0,ללא,2,חינוך מיוחד,0,שנתי,514299411,מטיילי האלוף בע"מ,16,הסעת תלמידים למוסד חינוכי, כפר קרע ;, מעון גל-אור 320457;תכון חדרה בית-אליעזר 344382;,140,הסעות ח.מיוחד חיפה,202411,1,איסוף,1,25,1,320000,א.זעיר ציבורי בטיחותי (מעלון),0,21.457,0,187,1,0.8,1.17,1,1, ,4375.8,4375.8,0
711001,2,שכור,0,ללא,2,חינוך מיוחד,0,שנתי,511001778,אסיה תורס,16,הסעת תלמידים למוסד חינוכי, כפר קרע ;, גן אלסעאדה 193375;יסודי שיכון מערבי 317123;אבן חלדון 318428;ערערה אלדהראת 318527;חט"ב עין ג'ראר 347062;אפאק 348102;,140,הסעות ח.מיוחד חיפה,202411,2,פיזור,1,20,1,300000,א. זעיר ציבורי,0,38.471,0,266,1,0.8,1.17,1,1, ,4979.52,4979.52,0
711001,2,שכור,0,ללא,2,חינוך מיוחד,0,שנתי,511001778,אסיה תורס,16,הסעת תלמידים למוסד חינוכי, כפר קרע ;, גן אלסעאדה 193375;יסודי שיכון מערבי 317123;אבן חלדון 318428;ערערה אלדהראת 318527;חט"ב עין ג'ראר 347062;אפאק 348102;,140,הסעות ח.מיוחד חיפה,202411,1,איסוף,1,20,1,300000,א. זעיר ציבורי,0,38.108,0,266,1,0.8,1.17,1,1, ,4979.52,4979.52,0
711000,2,שכור,0,ללא,2,חינוך מיוחד,0,שנתי,514299411,מטיילי האלוף בע"מ,16,הסעת תלמידים למוסד חינוכי, כפר קרע ;, אלאמל חינוך מיוחד 328039;תיכון ח'דיג'ה 348250;,140,הסעות ח.מיוחד חיפה,202411,2,פיזור,1,20,1,320000,א.זעיר ציבורי בטיחותי (מעלון),0,13.69,0,277,1,0.8,1.17,1,1, ,5185.44,5185.44,0
711000,2,שכור,0,ללא,2,חינוך מיוחד,0,שנתי,514299411,מטיילי האלוף בע"מ,16,הסעת תלמידים למוסד חינוכי, כפר קרע ;, אלאמל חינוך מיוחד 328039;תיכון ח'דיג'ה 348250;,140,הסעות ח.מיוחד חיפה,202411,1,איסוף,1,20,1,320000,א.זעיר ציבורי בטיחותי (מעלון),0,13.614,0,277,1,0.8,1.17,1,1, ,5185.44,5185.44,0
707000,2,שכור,0,ללא,2,חינוך מיוחד,0,שנתי,514299411,מטיילי האלוף בע"מ,16,הסעת תלמידים למוסד חינוכי, כפר קרע ;, עומר בן אלחטאב 318071;אלרחמה 328096;ביה"ס גת המשולש 348185;עי"ס אלקאסמי 348342;,140,הסעות ח.מיוחד חיפה,202411,2,פיזור,1,20,1,300500,אוטובוס ציבורי זעיר (16),0,19.49,0,180,1,0.8,1.17,1,1, ,3369.6,3369.6,0
707000,2,שכור,0,ללא,2,חינוך מיוחד,0,שנתי,514299411,מטיילי האלוף בע"מ,16,הסעת תלמידים למוסד חינוכי, כפר קרע ;, עומר בן אלחטאב 318071;אלרחמה 328096;ביה"ס גת המשולש 348185;עי"ס אלקאסמי 348342;384412,140,הסעות ח.מיוחד חיפה,202411,1,איסוף,1,20,1,300500,אוטובוס ציבורי זעיר (16),0,20.271,0,180,1,0.8,1.17,1,1, ,3369.6,3369.6,0
706000,2,שכור,0,ללא,2,חינוך מיוחד,0,שנתי,511001778,אסיה תורס,16,הסעת תלמידים למוסד חינוכי, כפר קרע ;, תיכון רנד לחנ"מ 359182;,140,הסעות ח.מיוחד חיפה,202411,2,פיזור,2,21,1,300000,א. זעיר ציבורי,0,48.2,0,300,1,0.8,1.17,1,1, ,5896.8,5896.8,0
706000,2,שכור,0,ללא,2,חינוך מיוחד,0,שנתי,511001778,אסיה תורס,16,הסעת תלמידים למוסד חינוכי, כפר קרע ;, נצרת חרשים עוורים 228015;,140,הסעות ח.מיוחד חיפה,202411,2,פיזור,1,21,1,300000,א. זעיר ציבורי,0,39.143,0,300,1,0.8,1.17,1,1, ,5896.8,5896.8,0
706000,2,שכור,0,ללא,2,חינוך מיוחד,0,שנתי,511001778,אסיה תורס,16,הסעת תלמידים למוסד חינוכי, כפר קרע ;, נצרת חרשים עוורים 228015;תיכון רנד לחנ"מ 359182;,140,הסעות ח.מיוחד חיפה,202411,1,איסוף,1,21,1,300000,א. זעיר ציבורי,0,39.576,0,300,1,0.8,1.17,1,1, ,5896.8,5896.8,0
703000,2,שכור,0,ללא,2,חינוך מיוחד,0,שנתי,511001778,אסיה תורס,16,הסעת תלמידים למוסד חינוכי, כפר קרע ;, גן אלנור 235648;יד ביד גשר על 328153;גן אלאמל 337279;אלקיאן לקשר ותקשורת 384099;אלורוד 456533;,140,הסעות ח.מיוחד חיפה,202411,2,פיזור,1,25,1,300500,אוטובוס ציבורי זעיר (16),0,6.707,0,137,1,0.8,1.17,1,1, ,3205.8,3205.8,0
703000,2,שכור,0,ללא,2,חינוך מיוחד,0,שנתי,511001778,אסיה תורס,16,הסעת תלמידים למוסד חינוכי, כפר קרע ;, גן אלנור 235648;יד ביד גשר על 328153;גן אלאמל 337279;אלקיאן לקשר ותקשורת 384099;אלורוד 456533;,140,הסעות ח.מיוחד חיפה,202411,1,איסוף,1,25,1,300500,אוטובוס ציבורי זעיר (16),0,6.704,0,137,1,0.8,1.17,1,1, ,3205.8,3205.8,0
702000,2,שכור,0,ללא,2,חינוך מיוחד,0,שנתי,511001778,אסיה תורס,16,הסעת תלמידים למוסד חינוכי, כפר קרע ;, אלמוסתקבל 318188;יסודי אלחוארנה 338210;חט"ב כפר קרע ב' 348284;גן אלתפאול 523225;,140,הסעות ח.מיוחד חיפה,202411,2,פיזור,1,20,1,30000,אוטובוס בינוני,0,29.201,0,142,1,0.8,1.17,1,1, ,2658.24,2658.24,0
702000,2,שכור,0,ללא,2,חינוך מיוחד,0,שנתי,511001778,אסיה תורס,16,הסעת תלמידים למוסד חינוכי, כפר קרע ;, אלמוסתקבל 318188;יסודי אלחוארנה 338210;חט"ב כפר קרע ב' 348284;גן אלתפאול 523225;,140,הסעות ח.מיוחד חיפה,202411,1,איסוף,1,20,1,30000,אוטובוס בינוני,0,29.158,0,142,1,0.8,1.17,1,1, ,2658.24,2658.24,0
701000,2,שכור,0,ללא,2,חינוך מיוחד,0,שנתי,511001778,אסיה תורס,16,הסעת תלמידים למוסד חינוכי, כפר קרע ;, גן א' 108415;גן א' 108456;גן ג' 108498;גן אלאנג'אם 162396;אלעדאס 176172;גן ו' 199612;אלשורוק 319335;הלב הקדוש 328088;אלאימאן 451351;גן אלבסמה 523175;גן אלענאדל 523233;,140,הסעות ח.מיוחד חיפה,202411,2,פיזור,1,20,1,300500,אוטובוס ציבורי זעיר (16),0,5.752,0,149,1,0.8,1.17,1,1, ,2789.28,2789.28,0
671200,2,שכור,0,ללא,2,חינוך מיוחד,0,שנתי,514299411,מטיילי האלוף בע"מ,16,הסעת תלמידים למוסד חינוכי, כפר קרע ;, מעון גל-אור 320457;תכון חדרה בית-אליעזר 344382;,140,הסעות ח.מיוחד חיפה,202412,2,פיזור,1,23,1,320000,א.זעיר ציבורי בטיחותי (מעלון),0,21.423,0,187,1,0.8,1.17,1,1, ,4025.73,4025.73,0
719000,2,שכור,0,ללא,2,חינוך מיוחד,0,שנתי,514299411,מטיילי האלוף בע"מ,16,הסעת תלמידים למוסד חינוכי, כפר קרע ;, ערערה_גן 108647;אל-מנאר 328070;גן סיפי 518290;,140,הסעות ח.מיוחד חיפה,202412,2,פיזור,1,17,1,300000,א. זעיר ציבורי,0,3.955,0,256,1,0.8,1.17,1,1, ,4073.47,4073.47,0
716000,2,שכור,0,ללא,2,חינוך מיוחד,0,שנתי,514299411,מטיילי האלוף בע"מ,16,הסעת תלמידים למוסד חינוכי, כפר קרע ;, אלרחמה 328096;384412,140,הסעות ח.מיוחד חיפה,202412,2,פיזור,1,20,1,300000,א. זעיר ציבורי,0,18.286,0,118,1,0.8,1.17,1,1, ,2208.96,2208.96,0
714000,2,שכור,0,ללא,2,חינוך מיוחד,0,שנתי,514299411,מטיילי האלוף בע"מ,16,הסעת תלמידים למוסד חינוכי, כפר קרע ;, עראק אלשבאב 318337;אלעטאא 338046;תיכון קטאין אלשומר 342352;אלפיחאא 451401;יסודי מנהיגות אומנו 719625;,140,הסעות ח.מיוחד חיפה,202412,2,פיזור,1,17,1,300500,אוטובוס ציבורי זעיר (16),0,20.98,0,270,1,0.8,1.17,1,1, ,4296.24,4296.24,0
714000,2,שכור,0,ללא,2,חינוך מיוחד,0,שנתי,514299411,מטיילי האלוף בע"מ,16,הסעת תלמידים למוסד חינוכי, כפר קרע ;, עראק אלשבאב 318337;אלעטאא 338046;תיכון קטאין אלשומר 342352;אלפיחאא 451401;יסודי מנהיגות אומנו 719625;,140,הסעות ח.מיוחד חיפה,202412,1,איסוף,1,17,1,300500,אוטובוס ציבורי זעיר (16),0,20.973,0,270,1,0.8,1.17,1,1, ,4296.24,4296.24,0
712000,2,שכור,0,ללא,2,חינוך מיוחד,0,שנתי,514299411,מטיילי האלוף בע"מ,16,הסעת תלמידים למוסד חינוכי, כפר קרע ;, מעון גל-אור 320457;תכון חדרה בית-אליעזר 344382;,140,הסעות ח.מיוחד חיפה,202412,1,איסוף,1,23,1,320000,א.זעיר ציבורי בטיחותי (מעלון),0,21.457,0,187,1,0.8,1.17,1,1, ,4025.73,4025.73,0
711001,2,שכור,0,ללא,2,חינוך מיוחד,0,שנתי,511001778,אסיה תורס,16,הסעת תלמידים למוסד חינוכי, כפר קרע ;, גן אלסעאדה 193375;יסודי שיכון מערבי 317123;אבן חלדון 318428;ערערה אלדהראת 318527;חט"ב עין ג'ראר 347062;אפאק 348102;,140,הסעות ח.מיוחד חיפה,202412,2,פיזור,1,17,1,300000,א. זעיר ציבורי,0,38.471,0,266,1,0.8,1.17,1,1, ,4232.59,4232.59,0
711001,2,שכור,0,ללא,2,חינוך מיוחד,0,שנתי,511001778,אסיה תורס,16,הסעת תלמידים למוסד חינוכי, כפר קרע ;, גן אלסעאדה 193375;יסודי שיכון מערבי 317123;אבן חלדון 318428;ערערה אלדהראת 318527;חט"ב עין ג'ראר 347062;אפאק 348102;,140,הסעות ח.מיוחד חיפה,202412,1,איסוף,1,17,1,300000,א. זעיר ציבורי,0,38.108,0,266,1,0.8,1.17,1,1, ,4232.59,4232.59,0
711000,2,שכור,0,ללא,2,חינוך מיוחד,0,שנתי,514299411,מטיילי האלוף בע"מ,16,הסעת תלמידים למוסד חינוכי, כפר קרע ;, אלאמל חינוך מיוחד 328039;תיכון ח'דיג'ה 348250;,140,הסעות ח.מיוחד חיפה,202412,2,פיזור,1,17,1,320000,א.זעיר ציבורי בטיחותי (מעלון),0,13.69,0,277,1,0.8,1.17,1,1, ,4407.62,4407.62,0
711000,2,שכור,0,ללא,2,חינוך מיוחד,0,שנתי,514299411,מטיילי האלוף בע"מ,16,הסעת תלמידים למוסד חינוכי, כפר קרע ;, אלאמל חינוך מיוחד 328039;תיכון ח'דיג'ה 348250;,140,הסעות ח.מיוחד חיפה,202412,1,איסוף,1,17,1,320000,א.זעיר ציבורי בטיחותי (מעלון),0,13.614,0,277,1,0.8,1.17,1,1, ,4407.62,4407.62,0
707000,2,שכור,0,ללא,2,חינוך מיוחד,0,שנתי,514299411,מטיילי האלוף בע"מ,16,הסעת תלמידים למוסד חינוכי, כפר קרע ;, עומר בן אלחטאב 318071;אלרחמה 328096;ביה"ס גת המשולש 348185;עי"ס אלקאסמי 348342;,140,הסעות ח.מיוחד חיפה,202412,2,פיזור,1,17,1,300500,אוטובוס ציבורי זעיר (16),0,19.49,0,180,1,0.8,1.17,1,1, ,2864.16,2864.16,0
707000,2,שכור,0,ללא,2,חינוך מיוחד,0,שנתי,514299411,מטיילי האלוף בע"מ,16,הסעת תלמידים למוסד חינוכי, כפר קרע ;, עומר בן אלחטאב 318071;אלרחמה 328096;ביה"ס גת המשולש 348185;עי"ס אלקאסמי 348342;384412,140,הסעות ח.מיוחד חיפה,202412,1,איסוף,1,17,1,300500,אוטובוס ציבורי זעיר (16),0,20.271,0,180,1,0.8,1.17,1,1, ,2864.16,2864.16,0
706000,2,שכור,0,ללא,2,חינוך מיוחד,0,שנתי,511001778,אסיה תורס,16,הסעת תלמידים למוסד חינוכי, כפר קרע ;, תיכון רנד לחנ"מ 359182;,140,הסעות ח.מיוחד חיפה,202412,2,פיזור,2,16,1,300000,א. זעיר ציבורי,0,48.2,0,300,1,0.8,1.17,1,1, ,4492.8,4492.8,0
706000,2,שכור,0,ללא,2,חינוך מיוחד,0,שנתי,511001778,אסיה תורס,16,הסעת תלמידים למוסד חינוכי, כפר קרע ;, נצרת חרשים עוורים 228015;,140,הסעות ח.מיוחד חיפה,202412,2,פיזור,1,16,1,300000,א. זעיר ציבורי,0,39.143,0,300,1,0.8,1.17,1,1, ,4492.8,4492.8,0
706000,2,שכור,0,ללא,2,חינוך מיוחד,0,שנתי,511001778,אסיה תורס,16,הסעת תלמידים למוסד חינוכי, כפר קרע ;, נצרת חרשים עוורים 228015;תיכון רנד לחנ"מ 359182;,140,הסעות ח.מיוחד חיפה,202412,1,איסוף,1,16,1,300000,א. זעיר ציבורי,0,39.576,0,300,1,0.8,1.17,1,1, ,4492.8,4492.8,0
703000,2,שכור,0,ללא,2,חינוך מיוחד,0,שנתי,511001778,אסיה תורס,16,הסעת תלמידים למוסד חינוכי, כפר קרע ;, גן אלנור 235648;יד ביד גשר על 328153;גן אלאמל 337279;אלקיאן לקשר ותקשורת 384099;אלורוד 456533;,140,הסעות ח.מיוחד חיפה,202412,2,פיזור,1,20,1,300500,אוטובוס ציבורי זעיר (16),0,6.707,0,137,1,0.8,1.17,1,1, ,2564.64,2564.64,0
703000,2,שכור,0,ללא,2,חינוך מיוחד,0,שנתי,511001778,אסיה תורס,16,הסעת תלמידים למוסד חינוכי, כפר קרע ;, גן אלנור 235648;יד ביד גשר על 328153;גן אלאמל 337279;אלקיאן לקשר ותקשורת 384099;אלורוד 456533;,140,הסעות ח.מיוחד חיפה,202412,1,איסוף,1,20,1,300500,אוטובוס ציבורי זעיר (16),0,6.704,0,137,1,0.8,1.17,1,1, ,2564.64,2564.64,0
702000,2,שכור,0,ללא,2,חינוך מיוחד,0,שנתי,511001778,אסיה תורס,16,הסעת תלמידים למוסד חינוכי, כפר קרע ;, אלמוסתקבל 318188;יסודי אלחוארנה 338210;חט"ב כפר קרע ב' 348284;גן אלתפאול 523225;,140,הסעות ח.מיוחד חיפה,202412,2,פיזור,1,17,1,30000,אוטובוס בינוני,0,29.201,0,142,1,0.8,1.17,1,1, ,2259.5,2259.5,0
702000,2,שכור,0,ללא,2,חינוך מיוחד,0,שנתי,511001778,אסיה תורס,16,הסעת תלמידים למוסד חינוכי, כפר קרע ;, אלמוסתקבל 318188;יסודי אלחוארנה 338210;חט"ב כפר קרע ב' 348284;גן אלתפאול 523225;,140,הסעות ח.מיוחד חיפה,202412,1,איסוף,1,17,1,30000,אוטובוס בינוני,0,29.158,0,142,1,0.8,1.17,1,1, ,2259.5,2259.5,0
701000,2,שכור,0,ללא,2,חינוך מיוחד,0,שנתי,511001778,אסיה תורס,16,הסעת תלמידים למוסד חינוכי, כפר קרע ;, גן א' 108415;גן א' 108456;גן ג' 108498;גן אלאנג'אם 162396;אלעדאס 176172;גן ו' 199612;אלשורוק 319335;הלב הקדוש 328088;אלאימאן 451351;גן אלבסמה 523175;גן אלענאדל 523233;,140,הסעות ח.מיוחד חיפה,202412,2,פיזור,1,17,1,300500,אוטובוס ציבורי זעיר (16),0,5.752,0,149,1,0.8,1.17,1,1, ,2370.88,2370.88,0
701000,2,שכור,0,ללא,2,חינוך מיוחד,0,שנתי,511001778,אסיה תורס,16,הסעת תלמידים למוסד חינוכי, כפר קרע ;, גן א' 108415;גן א' 108456;גן ג' 108498;גן אלאנג'אם 162396;אלעדאס 176172;גן ו' 199612;אלשורוק 319335;הלב הקדוש 328088;אלאימאן 451351;גן אלבסמה 523175;גן אלענאדל 523233;,140,הסעות ח.מיוחד חיפה,202412,1,איסוף,1,17,1,300500,אוטובוס ציבורי זעיר (16),0,5.957,0,149,1,0.8,1.17,1,1, ,2370.88,2370.88,0
719000,2,שכור,0,ללא,2,חינוך מיוחד,0,שנתי,514299411,מטיילי האלוף בע"מ,16,הסעת תלמידים למוסד חינוכי, כפר קרע ;, ערערה_גן 108647;אל-מנאר 328070;גן סיפי 518290;,140,הסעות ח.מיוחד חיפה,202412,1,איסוף,1,17,1,300000,א. זעיר ציבורי,0,3.895,0,256,1,0.8,1.17,1,1, ,4073.47,4073.47,0
671200,2,שכור,0,ללא,2,חינוך מיוחד,0,שנתי,514299411,מטיילי האלוף בע"מ,16,הסעת תלמידים למוסד חינוכי, כפר קרע ;, מעון גל-אור 320457;תכון חדרה בית-אליעזר 344382;,140,הסעות ח.מיוחד חיפה,202501,2,פיזור,1,25,1,320000,א.זעיר ציבורי בטיחותי (מעלון),0,21.423,0,187,1,0.8,1.18,1,1, ,4413.2,4413.2,0
719000,2,שכור,0,ללא,2,חינוך מיוחד,0,שנתי,514299411,מטיילי האלוף בע"מ,16,הסעת תלמידים למוסד חינוכי, כפר קרע ;, ערערה_גן 108647;אל-מנאר 328070;גן סיפי 518290;,140,הסעות ח.מיוחד חיפה,202501,2,פיזור,1,14,1,300000,א. זעיר ציבורי,0,3.955,0,256,1,0.8,1.18,1,1, ,3383.29,3383.29,0
701000,2,שכור,0,ללא,2,חינוך מיוחד,0,שנתי,511001778,אסיה תורס,16,הסעת תלמידים למוסד חינוכי, כפר קרע ;, גן א' 108415;גן א' 108456;גן ג' 108498;גן אלאנג'אם 162396;אלעדאס 176172;גן ו' 199612;אלשורוק 319335;הלב הקדוש 328088;אלאימאן 451351;גן אלבסמה 523175;גן אלענאדל 523233;,140,הסעות ח.מיוחד חיפה,202501,2,פיזור,1,14,1,300500,אוטובוס ציבורי זעיר (16),0,5.752,0,149,1,0.8,1.18,1,1, ,1969.18,1969.18,0
702000,2,שכור,0,ללא,2,חינוך מיוחד,0,שנתי,511001778,אסיה תורס,16,הסעת תלמידים למוסד חינוכי, כפר קרע ;, אלמוסתקבל 318188;יסודי אלחוארנה 338210;חט"ב כפר קרע ב' 348284;גן אלתפאול 523225;,140,הסעות ח.מיוחד חיפה,202501,1,איסוף,1,14,1,30000,אוטובוס בינוני,0,29.158,0,142,1,0.8,1.18,1,1, ,1876.67,1876.67,0
702000,2,שכור,0,ללא,2,חינוך מיוחד,0,שנתי,511001778,אסיה תורס,16,הסעת תלמידים למוסד חינוכי, כפר קרע ;, אלמוסתקבל 318188;יסודי אלחוארנה 338210;חט"ב כפר קרע ב' 348284;גן אלתפאול 523225;,140,הסעות ח.מיוחד חיפה,202501,2,פיזור,1,14,1,30000,אוטובוס בינוני,0,29.201,0,142,1,0.8,1.18,1,1, ,1876.67,1876.67,0
703000,2,שכור,0,ללא,2,חינוך מיוחד,0,שנתי,511001778,אסיה תורס,16,הסעת תלמידים למוסד חינוכי, כפר קרע ;, גן אלנור 235648;יד ביד גשר על 328153;גן אלאמל 337279;אלקיאן לקשר ותקשורת 384099;אלורוד 456533;,140,הסעות ח.מיוחד חיפה,202501,1,איסוף,1,17,1,300500,אוטובוס ציבורי זעיר (16),0,6.704,0,137,1,0.8,1.18,1,1, ,2198.57,2198.57,0
703000,2,שכור,0,ללא,2,חינוך מיוחד,0,שנתי,511001778,אסיה תורס,16,הסעת תלמידים למוסד חינוכי, כפר קרע ;, גן אלנור 235648;יד ביד גשר על 328153;גן אלאמל 337279;אלקיאן לקשר ותקשורת 384099;אלורוד 456533;,140,הסעות ח.מיוחד חיפה,202501,2,פיזור,1,17,1,300500,אוטובוס ציבורי זעיר (16),0,6.707,0,137,1,0.8,1.18,1,1, ,2198.57,2198.57,0
706000,2,שכור,0,ללא,2,חינוך מיוחד,0,שנתי,511001778,אסיה תורס,16,הסעת תלמידים למוסד חינוכי, כפר קרע ;, נצרת חרשים עוורים 228015;תיכון רנד לחנ"מ 359182;,140,הסעות ח.מיוחד חיפה,202501,1,איסוף,1,16,1,300000,א. זעיר ציבורי,0,39.576,0,300,1,0.8,1.18,1,1, ,4531.2,4531.2,0
706000,2,שכור,0,ללא,2,חינוך מיוחד,0,שנתי,511001778,אסיה תורס,16,הסעת תלמידים למוסד חינוכי, כפר קרע ;, נצרת חרשים עוורים 228015;,140,הסעות ח.מיוחד חיפה,202501,2,פיזור,1,16,1,300000,א. זעיר ציבורי,0,39.143,0,300,1,0.8,1.18,1,1, ,4531.2,4531.2,0
706000,2,שכור,0,ללא,2,חינוך מיוחד,0,שנתי,511001778,אסיה תורס,16,הסעת תלמידים למוסד חינוכי, כפר קרע ;, תיכון רנד לחנ"מ 359182;,140,הסעות ח.מיוחד חיפה,202501,2,פיזור,2,16,1,300000,א. זעיר ציבורי,0,48.2,0,300,1,0.8,1.18,1,1, ,4531.2,4531.2,0
707000,2,שכור,0,ללא,2,חינוך מיוחד,0,שנתי,514299411,מטיילי האלוף בע"מ,16,הסעת תלמידים למוסד חינוכי, כפר קרע ;, עומר בן אלחטאב 318071;אלרחמה 328096;ביה"ס גת המשולש 348185;עי"ס אלקאסמי 348342;384412,140,הסעות ח.מיוחד חיפה,202501,1,איסוף,1,14,1,300500,אוטובוס ציבורי זעיר (16),0,20.271,0,180,1,0.8,1.18,1,1, ,2378.88,2378.88,0
707000,2,שכור,0,ללא,2,חינוך מיוחד,0,שנתי,514299411,מטיילי האלוף בע"מ,16,הסעת תלמידים למוסד חינוכי, כפר קרע ;, עומר בן אלחטאב 318071;אלרחמה 328096;ביה"ס גת המשולש 348185;עי"ס אלקאסמי 348342;,140,הסעות ח.מיוחד חיפה,202501,2,פיזור,1,14,1,300500,אוטובוס ציבורי זעיר (16),0,19.49,0,180,1,0.8,1.18,1,1, ,2378.88,2378.88,0
711000,2,שכור,0,ללא,2,חינוך מיוחד,0,שנתי,514299411,מטיילי האלוף בע"מ,16,הסעת תלמידים למוסד חינוכי, כפר קרע ;, אלאמל חינוך מיוחד 328039;תיכון ח'דיג'ה 348250;,140,הסעות ח.מיוחד חיפה,202501,1,איסוף,1,14,1,320000,א.זעיר ציבורי בטיחותי (מעלון),0,13.614,0,277,1,0.8,1.18,1,1, ,3660.83,3660.83,0
711000,2,שכור,0,ללא,2,חינוך מיוחד,0,שנתי,514299411,מטיילי האלוף בע"מ,16,הסעת תלמידים למוסד חינוכי, כפר קרע ;, אלאמל חינוך מיוחד 328039;תיכון ח'דיג'ה 348250;,140,הסעות ח.מיוחד חיפה,202501,2,פיזור,1,14,1,320000,א.זעיר ציבורי בטיחותי (מעלון),0,13.69,0,277,1,0.8,1.18,1,1, ,3660.83,3660.83,0
711001,2,שכור,0,ללא,2,חינוך מיוחד,0,שנתי,511001778,אסיה תורס,16,הסעת תלמידים למוסד חינוכי, כפר קרע ;, גן אלסעאדה 193375;יסודי שיכון מערבי 317123;אבן חלדון 318428;ערערה אלדהראת 318527;חט"ב עין ג'ראר 347062;אפאק 348102;,140,הסעות ח.מיוחד חיפה,202501,1,איסוף,1,14,1,300000,א. זעיר ציבורי,0,38.108,0,266,1,0.8,1.18,1,1, ,3515.45,3515.45,0
711001,2,שכור,0,ללא,2,חינוך מיוחד,0,שנתי,511001778,אסיה תורס,16,הסעת תלמידים למוסד חינוכי, כפר קרע ;, גן אלסעאדה 193375;יסודי שיכון מערבי 317123;אבן חלדון 318428;ערערה אלדהראת 318527;חט"ב עין ג'ראר 347062;אפאק 348102;,140,הסעות ח.מיוחד חיפה,202501,2,פיזור,1,14,1,300000,א. זעיר ציבורי,0,38.471,0,266,1,0.8,1.18,1,1, ,3515.45,3515.45,0
712000,2,שכור,0,ללא,2,חינוך מיוחד,0,שנתי,514299411,מטיילי האלוף בע"מ,16,הסעת תלמידים למוסד חינוכי, כפר קרע ;, מעון גל-אור 320457;תכון חדרה בית-אליעזר 344382;,140,הסעות ח.מיוחד חיפה,202501,1,איסוף,1,25,1,320000,א.זעיר ציבורי בטיחותי (מעלון),0,21.457,0,187,1,0.8,1.18,1,1, ,4413.2,4413.2,0
714000,2,שכור,0,ללא,2,חינוך מיוחד,0,שנתי,514299411,מטיילי האלוף בע"מ,16,הסעת תלמידים למוסד חינוכי, כפר קרע ;, עראק אלשבאב 318337;אלעטאא 338046;תיכון קטאין אלשומר 342352;אלפיחאא 451401;יסודי מנהיגות אומנו 719625;,140,הסעות ח.מיוחד חיפה,202501,1,איסוף,1,14,1,300500,אוטובוס ציבורי זעיר (16),0,20.973,0,270,1,0.8,1.18,1,1, ,3568.32,3568.32,0
714000,2,שכור,0,ללא,2,חינוך מיוחד,0,שנתי,514299411,מטיילי האלוף בע"מ,16,הסעת תלמידים למוסד חינוכי, כפר קרע ;, עראק אלשבאב 318337;אלעטאא 338046;תיכון קטאין אלשומר 342352;אלפיחאא 451401;יסודי מנהיגות אומנו 719625;,140,הסעות ח.מיוחד חיפה,202501,2,פיזור,1,14,1,300500,אוטובוס ציבורי זעיר (16),0,20.98,0,270,1,0.8,1.18,1,1, ,3568.32,3568.32,0
716000,2,שכור,0,ללא,2,חינוך מיוחד,0,שנתי,514299411,מטיילי האלוף בע"מ,16,הסעת תלמידים למוסד חינוכי, כפר קרע ;, אלרחמה 328096;384412,140,הסעות ח.מיוחד חיפה,202501,2,פיזור,1,18,1,300000,א. זעיר ציבורי,0,18.286,0,118,1,0.8,1.18,1,1, ,2005.05,2005.05,0
719000,2,שכור,0,ללא,2,חינוך מיוחד,0,שנתי,514299411,מטיילי האלוף בע"מ,16,הסעת תלמידים למוסד חינוכי, כפר קרע ;, ערערה_גן 108647;אל-מנאר 328070;גן סיפי 518290;,140,הסעות ח.מיוחד חיפה,202501,1,איסוף,1,14,1,300000,א. זעיר ציבורי,0,3.895,0,256,1,0.8,1.18,1,1, ,3383.29,3383.29,0
701000,2,שכור,0,ללא,2,חינוך מיוחד,0,שנתי,511001778,אסיה תורס,16,הסעת תלמידים למוסד חינוכי, כפר קרע ;, גן א' 108415;גן א' 108456;גן ג' 108498;גן אלאנג'אם 162396;אלעדאס 176172;גן ו' 199612;אלשורוק 319335;הלב הקדוש 328088;אלאימאן 451351;גן אלבסמה 523175;גן אלענאדל 523233;,140,הסעות ח.מיוחד חיפה,202501,1,איסוף,1,14,1,300500,אוטובוס ציבורי זעיר (16),0,5.957,0,149,1,0.8,1.18,1,1, ,1969.18,1969.18,0
671200,2,שכור,0,ללא,2,חינוך מיוחד,0,שנתי,514299411,מטיילי האלוף בע"מ,16,הסעת תלמידים למוסד חינוכי, כפר קרע ;, מעון גל-אור 320457;תכון חדרה בית-אליעזר 344382;,140,הסעות ח.מיוחד חיפה,202502,2,פיזור,1,24,1,320000,א.זעיר ציבורי בטיחותי (מעלון),0,21.423,0,187,1,0.8,1.18,1,1, ,4236.67,4236.67,0
719000,2,שכור,0,ללא,2,חינוך מיוחד,0,שנתי,514299411,מטיילי האלוף בע"מ,16,הסעת תלמידים למוסד חינוכי, כפר קרע ;, ערערה_גן 108647;אל-מנאר 328070;גן סיפי 518290;,140,הסעות ח.מיוחד חיפה,202502,2,פיזור,1,20,1,300000,א. זעיר ציבורי,0,3.955,0,256,1,0.8,1.18,1,1, ,4833.28,4833.28,0
701000,2,שכור,0,ללא,2,חינוך מיוחד,0,שנתי,511001778,אסיה תורס,16,הסעת תלמידים למוסד חינוכי, כפר קרע ;, גן א' 108415;גן א' 108456;גן ג' 108498;גן אלאנג'אם 162396;אלעדאס 176172;גן ו' 199612;אלשורוק 319335;הלב הקדוש 328088;אלאימאן 451351;גן אלבסמה 523175;גן אלענאדל 523233;,140,הסעות ח.מיוחד חיפה,202502,2,פיזור,1,20,1,300500,אוטובוס ציבורי זעיר (16),0,5.752,0,149,1,0.8,1.18,1,1, ,2813.12,2813.12,0
702000,2,שכור,0,ללא,2,חינוך מיוחד,0,שנתי,511001778,אסיה תורס,16,הסעת תלמידים למוסד חינוכי, כפר קרע ;, אלמוסתקבל 318188;יסודי אלחוארנה 338210;חט"ב כפר קרע ב' 348284;גן אלתפאול 523225;,140,הסעות ח.מיוחד חיפה,202502,1,איסוף,1,20,1,30000,אוטובוס בינוני,0,29.158,0,142,1,0.8,1.18,1,1, ,2680.96,2680.96,0
702000,2,שכור,0,ללא,2,חינוך מיוחד,0,שנתי,511001778,אסיה תורס,16,הסעת תלמידים למוסד חינוכי, כפר קרע ;, אלמוסתקבל 318188;יסודי אלחוארנה 338210;חט"ב כפר קרע ב' 348284;גן אלתפאול 523225;,140,הסעות ח.מיוחד חיפה,202502,2,פיזור,1,20,1,30000,אוטובוס בינוני,0,29.201,0,142,1,0.8,1.18,1,1, ,2680.96,2680.96,0
703000,2,שכור,0,ללא,2,חינוך מיוחד,0,שנתי,511001778,אסיה תורס,16,הסעת תלמידים למוסד חינוכי, כפר קרע ;, גן אלנור 235648;יד ביד גשר על 328153;גן אלאמל 337279;אלקיאן לקשר ותקשורת 384099;אלורוד 456533;,140,הסעות ח.מיוחד חיפה,202502,1,איסוף,1,24,1,300500,אוטובוס ציבורי זעיר (16),0,6.704,0,137,1,0.8,1.18,1,1, ,3103.87,3103.87,0
703000,2,שכור,0,ללא,2,חינוך מיוחד,0,שנתי,511001778,אסיה תורס,16,הסעת תלמידים למוסד חינוכי, כפר קרע ;, גן אלנור 235648;יד ביד גשר על 328153;גן אלאמל 337279;אלקיאן לקשר ותקשורת 384099;אלורוד 456533;,140,הסעות ח.מיוחד חיפה,202502,2,פיזור,1,24,1,300500,אוטובוס ציבורי זעיר (16),0,6.707,0,137,1,0.8,1.18,1,1, ,3103.87,3103.87,0
706000,2,שכור,0,ללא,2,חינוך מיוחד,0,שנתי,511001778,אסיה תורס,16,הסעת תלמידים למוסד חינוכי, כפר קרע ;, נצרת חרשים עוורים 228015;תיכון רנד לחנ"מ 359182;,140,הסעות ח.מיוחד חיפה,202502,1,איסוף,1,20,1,300000,א. זעיר ציבורי,0,39.576,0,300,1,0.8,1.18,1,1, ,5664,5664,0
706000,2,שכור,0,ללא,2,חינוך מיוחד,0,שנתי,511001778,אסיה תורס,16,הסעת תלמידים למוסד חינוכי, כפר קרע ;, נצרת חרשים עוורים 228015;,140,הסעות ח.מיוחד חיפה,202502,2,פיזור,1,20,1,300000,א. זעיר ציבורי,0,39.143,0,300,1,0.8,1.18,1,1, ,5664,5664,0
706000,2,שכור,0,ללא,2,חינוך מיוחד,0,שנתי,511001778,אסיה תורס,16,הסעת תלמידים למוסד חינוכי, כפר קרע ;, תיכון רנד לחנ"מ 359182;,140,הסעות ח.מיוחד חיפה,202502,2,פיזור,2,20,1,300000,א. זעיר ציבורי,0,48.2,0,300,1,0.8,1.18,1,1, ,5664,5664,0
707000,2,שכור,0,ללא,2,חינוך מיוחד,0,שנתי,514299411,מטיילי האלוף בע"מ,16,הסעת תלמידים למוסד חינוכי, כפר קרע ;, עומר בן אלחטאב 318071;אלרחמה 328096;ביה"ס גת המשולש 348185;עי"ס אלקאסמי 348342;384412,140,הסעות ח.מיוחד חיפה,202502,1,איסוף,1,20,1,300500,אוטובוס ציבורי זעיר (16),0,20.271,0,180,1,0.8,1.18,1,1, ,3398.4,3398.4,0
707000,2,שכור,0,ללא,2,חינוך מיוחד,0,שנתי,514299411,מטיילי האלוף בע"מ,16,הסעת תלמידים למוסד חינוכי, כפר קרע ;, עומר בן אלחטאב 318071;אלרחמה 328096;ביה"ס גת המשולש 348185;עי"ס אלקאסמי 348342;,140,הסעות ח.מיוחד חיפה,202502,2,פיזור,1,20,1,300500,אוטובוס ציבורי זעיר (16),0,19.49,0,180,1,0.8,1.18,1,1, ,3398.4,3398.4,0
711000,2,שכור,0,ללא,2,חינוך מיוחד,0,שנתי,514299411,מטיילי האלוף בע"מ,16,הסעת תלמידים למוסד חינוכי, כפר קרע ;, אלאמל חינוך מיוחד 328039;תיכון ח'דיג'ה 348250;,140,הסעות ח.מיוחד חיפה,202502,1,איסוף,1,20,1,320000,א.זעיר ציבורי בטיחותי (מעלון),0,13.614,0,277,1,0.8,1.18,1,1, ,5229.76,5229.76,0
711000,2,שכור,0,ללא,2,חינוך מיוחד,0,שנתי,514299411,מטיילי האלוף בע"מ,16,הסעת תלמידים למוסד חינוכי, כפר קרע ;, אלאמל חינוך מיוחד 328039;תיכון ח'דיג'ה 348250;,140,הסעות ח.מיוחד חיפה,202502,2,פיזור,1,20,1,320000,א.זעיר ציבורי בטיחותי (מעלון),0,13.69,0,277,1,0.8,1.18,1,1, ,5229.76,5229.76,0
711001,2,שכור,0,ללא,2,חינוך מיוחד,0,שנתי,511001778,אסיה תורס,16,הסעת תלמידים למוסד חינוכי, כפר קרע ;, גן אלסעאדה 193375;יסודי שיכון מערבי 317123;אבן חלדון 318428;ערערה אלדהראת 318527;חט"ב עין ג'ראר 347062;אפאק 348102;,140,הסעות ח.מיוחד חיפה,202502,1,איסוף,1,20,1,300000,א. זעיר ציבורי,0,38.108,0,266,1,0.8,1.18,1,1, ,5022.08,5022.08,0
711001,2,שכור,0,ללא,2,חינוך מיוחד,0,שנתי,511001778,אסיה תורס,16,הסעת תלמידים למוסד חינוכי, כפר קרע ;, גן אלסעאדה 193375;יסודי שיכון מערבי 317123;אבן חלדון 318428;ערערה אלדהראת 318527;חט"ב עין ג'ראר 347062;אפאק 348102;,140,הסעות ח.מיוחד חיפה,202502,2,פיזור,1,20,1,300000,א. זעיר ציבורי,0,38.471,0,266,1,0.8,1.18,1,1, ,5022.08,5022.08,0
712000,2,שכור,0,ללא,2,חינוך מיוחד,0,שנתי,514299411,מטיילי האלוף בע"מ,16,הסעת תלמידים למוסד חינוכי, כפר קרע ;, מעון גל-אור 320457;תכון חדרה בית-אליעזר 344382;,140,הסעות ח.מיוחד חיפה,202502,1,איסוף,1,24,1,320000,א.זעיר ציבורי בטיחותי (מעלון),0,21.457,0,187,1,0.8,1.18,1,1, ,4236.67,4236.67,0
714000,2,שכור,0,ללא,2,חינוך מיוחד,0,שנתי,514299411,מטיילי האלוף בע"מ,16,הסעת תלמידים למוסד חינוכי, כפר קרע ;, עראק אלשבאב 318337;אלעטאא 338046;תיכון קטאין אלשומר 342352;אלפיחאא 451401;יסודי מנהיגות אומנו 719625;,140,הסעות ח.מיוחד חיפה,202502,1,איסוף,1,20,1,300500,אוטובוס ציבורי זעיר (16),0,20.973,0,270,1,0.8,1.18,1,1, ,5097.6,5097.6,0
714000,2,שכור,0,ללא,2,חינוך מיוחד,0,שנתי,514299411,מטיילי האלוף בע"מ,16,הסעת תלמידים למוסד חינוכי, כפר קרע ;, עראק אלשבאב 318337;אלעטאא 338046;תיכון קטאין אלשומר 342352;אלפיחאא 451401;יסודי מנהיגות אומנו 719625;,140,הסעות ח.מיוחד חיפה,202502,2,פיזור,1,20,1,300500,אוטובוס ציבורי זעיר (16),0,20.98,0,270,1,0.8,1.18,1,1, ,5097.6,5097.6,0
716000,2,שכור,0,ללא,2,חינוך מיוחד,0,שנתי,514299411,מטיילי האלוף בע"מ,16,הסעת תלמידים למוסד חינוכי, כפר קרע ;, אלרחמה 328096;384412,140,הסעות ח.מיוחד חיפה,202502,2,פיזור,1,24,1,300000,א. זעיר ציבורי,0,18.286,0,118,1,0.8,1.18,1,1, ,2673.4,2673.4,0
719000,2,שכור,0,ללא,2,חינוך מיוחד,0,שנתי,514299411,מטיילי האלוף בע"מ,16,הסעת תלמידים למוסד חינוכי, כפר קרע ;, ערערה_גן 108647;אל-מנאר 328070;גן סיפי 518290;,140,הסעות ח.מיוחד חיפה,202502,1,איסוף,1,20,1,300000,א. זעיר ציבורי,0,3.895,0,256,1,0.8,1.18,1,1, ,4833.28,4833.28,0
701000,2,שכור,0,ללא,2,חינוך מיוחד,0,שנתי,511001778,אסיה תורס,16,הסעת תלמידים למוסד חינוכי, כפר קרע ;, גן א' 108415;גן א' 108456;גן ג' 108498;גן אלאנג'אם 162396;אלעדאס 176172;גן ו' 199612;אלשורוק 319335;הלב הקדוש 328088;אלאימאן 451351;גן אלבסמה 523175;גן אלענאדל 523233;,140,הסעות ח.מיוחד חיפה,202502,1,איסוף,1,20,1,300500,אוטובוס ציבורי זעיר (16),0,5.957,0,149,1,0.8,1.18,1,1, ,2813.12,2813.12,0
719000,2,שכור,0,ללא,2,חינוך מיוחד,0,שנתי,514299411,מטיילי האלוף בע"מ,16,הסעת תלמידים למוסד חינוכי, כפר קרע ;, ערערה_גן 108647;אל-מנאר 328070;גן סיפי 518290;,140,הסעות ח.מיוחד חיפה,202503,1,איסוף,1,14,1,300000,א. זעיר ציבורי,0,3.895,0,256,1,0.8,1.18,1,1, ,3383.29,3383.29,0
716000,2,שכור,0,ללא,2,חינוך מיוחד,0,שנתי,514299411,מטיילי האלוף בע"מ,16,הסעת תלמידים למוסד חינוכי, כפר קרע ;, אלרחמה 328096;384412,140,הסעות ח.מיוחד חיפה,202503,2,פיזור,1,16,1,300000,א. זעיר ציבורי,0,18.286,0,118,1,0.8,1.18,1,1, ,1782.27,1782.27,0
671200,2,שכור,0,ללא,2,חינוך מיוחד,0,שנתי,514299411,מטיילי האלוף בע"מ,16,הסעת תלמידים למוסד חינוכי, כפר קרע ;, מעון גל-אור 320457;תכון חדרה בית-אליעזר 344382;,140,הסעות ח.מיוחד חיפה,202503,2,פיזור,1,24,1,320000,א.זעיר ציבורי בטיחותי (מעלון),0,21.423,0,187,1,0.8,1.18,1,1, ,4236.67,4236.67,0
701000,2,שכור,0,ללא,2,חינוך מיוחד,0,שנתי,511001778,אסיה תורס,16,הסעת תלמידים למוסד חינוכי, כפר קרע ;, גן א' 108415;גן א' 108456;גן ג' 108498;גן אלאנג'אם 162396;אלעדאס 176172;גן ו' 199612;אלשורוק 319335;הלב הקדוש 328088;אלאימאן 451351;גן אלבסמה 523175;גן אלענאדל 523233;,140,הסעות ח.מיוחד חיפה,202503,1,איסוף,1,14,1,300500,אוטובוס ציבורי זעיר (16),0,5.957,0,149,1,0.8,1.18,1,1, ,1969.18,1969.18,0
701000,2,שכור,0,ללא,2,חינוך מיוחד,0,שנתי,511001778,אסיה תורס,16,הסעת תלמידים למוסד חינוכי, כפר קרע ;, גן א' 108415;גן א' 108456;גן ג' 108498;גן אלאנג'אם 162396;אלעדאס 176172;גן ו' 199612;אלשורוק 319335;הלב הקדוש 328088;אלאימאן 451351;גן אלבסמה 523175;גן אלענאדל 523233;,140,הסעות ח.מיוחד חיפה,202503,2,פיזור,1,14,1,300500,אוטובוס ציבורי זעיר (16),0,5.752,0,149,1,0.8,1.18,1,1, ,1969.18,1969.18,0
702000,2,שכור,0,ללא,2,חינוך מיוחד,0,שנתי,511001778,אסיה תורס,16,הסעת תלמידים למוסד חינוכי, כפר קרע ;, אלמוסתקבל 318188;יסודי אלחוארנה 338210;חט"ב כפר קרע ב' 348284;גן אלתפאול 523225;,140,הסעות ח.מיוחד חיפה,202503,1,איסוף,1,14,1,30000,אוטובוס בינוני,0,29.158,0,142,1,0.8,1.18,1,1, ,1876.67,1876.67,0
702000,2,שכור,0,ללא,2,חינוך מיוחד,0,שנתי,511001778,אסיה תורס,16,הסעת תלמידים למוסד חינוכי, כפר קרע ;, אלמוסתקבל 318188;יסודי אלחוארנה 338210;חט"ב כפר קרע ב' 348284;גן אלתפאול 523225;,140,הסעות ח.מיוחד חיפה,202503,2,פיזור,1,14,1,30000,אוטובוס בינוני,0,29.201,0,142,1,0.8,1.18,1,1, ,1876.67,1876.67,0
703000,2,שכור,0,ללא,2,חינוך מיוחד,0,שנתי,511001778,אסיה תורס,16,הסעת תלמידים למוסד חינוכי, כפר קרע ;, גן אלנור 235648;יד ביד גשר על 328153;גן אלאמל 337279;אלקיאן לקשר ותקשורת 384099;אלורוד 456533;,140,הסעות ח.מיוחד חיפה,202503,1,איסוף,1,17,1,300500,אוטובוס ציבורי זעיר (16),0,6.704,0,137,1,0.8,1.18,1,1, ,2198.57,2198.57,0
703000,2,שכור,0,ללא,2,חינוך מיוחד,0,שנתי,511001778,אסיה תורס,16,הסעת תלמידים למוסד חינוכי, כפר קרע ;, גן אלנור 235648;יד ביד גשר על 328153;גן אלאמל 337279;אלקיאן לקשר ותקשורת 384099;אלורוד 456533;,140,הסעות ח.מיוחד חיפה,202503,2,פיזור,1,17,1,300500,אוטובוס ציבורי זעיר (16),0,6.707,0,137,1,0.8,1.18,1,1, ,2198.57,2198.57,0
706000,2,שכור,0,ללא,2,חינוך מיוחד,0,שנתי,511001778,אסיה תורס,16,הסעת תלמידים למוסד חינוכי, כפר קרע ;, נצרת חרשים עוורים 228015;תיכון רנד לחנ"מ 359182;,140,הסעות ח.מיוחד חיפה,202503,1,איסוף,1,20,1,300000,א. זעיר ציבורי,0,39.576,0,300,1,0.8,1.18,1,1, ,5664,5664,0
706000,2,שכור,0,ללא,2,חינוך מיוחד,0,שנתי,511001778,אסיה תורס,16,הסעת תלמידים למוסד חינוכי, כפר קרע ;, נצרת חרשים עוורים 228015;,140,הסעות ח.מיוחד חיפה,202503,2,פיזור,1,20,1,300000,א. זעיר ציבורי,0,39.143,0,300,1,0.8,1.18,1,1, ,5664,5664,0
706000,2,שכור,0,ללא,2,חינוך מיוחד,0,שנתי,511001778,אסיה תורס,16,הסעת תלמידים למוסד חינוכי, כפר קרע ;, תיכון רנד לחנ"מ 359182;,140,הסעות ח.מיוחד חיפה,202503,2,פיזור,2,11,1,300000,א. זעיר ציבורי,0,48.2,0,300,1,0.8,1.18,1,1, ,3115.2,3115.2,0
707000,2,שכור,0,ללא,2,חינוך מיוחד,0,שנתי,514299411,מטיילי האלוף בע"מ,16,הסעת תלמידים למוסד חינוכי, כפר קרע ;, עומר בן אלחטאב 318071;אלרחמה 328096;ביה"ס גת המשולש 348185;עי"ס אלקאסמי 348342;384412,140,הסעות ח.מיוחד חיפה,202503,1,איסוף,1,14,1,300500,אוטובוס ציבורי זעיר (16),0,20.271,0,180,1,0.8,1.18,1,1, ,2378.88,2378.88,0
707000,2,שכור,0,ללא,2,חינוך מיוחד,0,שנתי,514299411,מטיילי האלוף בע"מ,16,הסעת תלמידים למוסד חינוכי, כפר קרע ;, עומר בן אלחטאב 318071;אלרחמה 328096;ביה"ס גת המשולש 348185;עי"ס אלקאסמי 348342;,140,הסעות ח.מיוחד חיפה,202503,2,פיזור,1,14,1,300500,אוטובוס ציבורי זעיר (16),0,19.49,0,180,1,0.8,1.18,1,1, ,2378.88,2378.88,0
711000,2,שכור,0,ללא,2,חינוך מיוחד,0,שנתי,514299411,מטיילי האלוף בע"מ,16,הסעת תלמידים למוסד חינוכי, כפר קרע ;, אלאמל חינוך מיוחד 328039;תיכון ח'דיג'ה 348250;,140,הסעות ח.מיוחד חיפה,202503,1,איסוף,1,14,1,320000,א.זעיר ציבורי בטיחותי (מעלון),0,13.614,0,277,1,0.8,1.18,1,1, ,3660.83,3660.83,0
711000,2,שכור,0,ללא,2,חינוך מיוחד,0,שנתי,514299411,מטיילי האלוף בע"מ,16,הסעת תלמידים למוסד חינוכי, כפר קרע ;, אלאמל חינוך מיוחד 328039;תיכון ח'דיג'ה 348250;,140,הסעות ח.מיוחד חיפה,202503,2,פיזור,1,14,1,320000,א.זעיר ציבורי בטיחותי (מעלון),0,13.69,0,277,1,0.8,1.18,1,1, ,3660.83,3660.83,0
711001,2,שכור,0,ללא,2,חינוך מיוחד,0,שנתי,511001778,אסיה תורס,16,הסעת תלמידים למוסד חינוכי, כפר קרע ;, גן אלסעאדה 193375;יסודי שיכון מערבי 317123;אבן חלדון 318428;ערערה אלדהראת 318527;חט"ב עין ג'ראר 347062;אפאק 348102;,140,הסעות ח.מיוחד חיפה,202503,1,איסוף,1,14,1,300000,א. זעיר ציבורי,0,38.108,0,266,1,0.8,1.18,1,1, ,3515.45,3515.45,0
711001,2,שכור,0,ללא,2,חינוך מיוחד,0,שנתי,511001778,אסיה תורס,16,הסעת תלמידים למוסד חינוכי, כפר קרע ;, גן אלסעאדה 193375;יסודי שיכון מערבי 317123;אבן חלדון 318428;ערערה אלדהראת 318527;חט"ב עין ג'ראר 347062;אפאק 348102;,140,הסעות ח.מיוחד חיפה,202503,2,פיזור,1,14,1,300000,א. זעיר ציבורי,0,38.471,0,266,1,0.8,1.18,1,1, ,3515.45,3515.45,0
712000,2,שכור,0,ללא,2,חינוך מיוחד,0,שנתי,514299411,מטיילי האלוף בע"מ,16,הסעת תלמידים למוסד חינוכי, כפר קרע ;, מעון גל-אור 320457;תכון חדרה בית-אליעזר 344382;,140,הסעות ח.מיוחד חיפה,202503,1,איסוף,1,24,1,320000,א.זעיר ציבורי בטיחותי (מעלון),0,21.457,0,187,1,0.8,1.18,1,1, ,4236.67,4236.67,0
714000,2,שכור,0,ללא,2,חינוך מיוחד,0,שנתי,514299411,מטיילי האלוף בע"מ,16,הסעת תלמידים למוסד חינוכי, כפר קרע ;, עראק אלשבאב 318337;אלעטאא 338046;תיכון קטאין אלשומר 342352;אלפיחאא 451401;יסודי מנהיגות אומנו 719625;,140,הסעות ח.מיוחד חיפה,202503,1,איסוף,1,14,1,300500,אוטובוס ציבורי זעיר (16),0,20.973,0,270,1,0.8,1.18,1,1, ,3568.32,3568.32,0
714000,2,שכור,0,ללא,2,חינוך מיוחד,0,שנתי,514299411,מטיילי האלוף בע"מ,16,הסעת תלמידים למוסד חינוכי, כפר קרע ;, עראק אלשבאב 318337;אלעטאא 338046;תיכון קטאין אלשומר 342352;אלפיחאא 451401;יסודי מנהיגות אומנו 719625;,140,הסעות ח.מיוחד חיפה,202503,2,פיזור,1,14,1,300500,אוטובוס ציבורי זעיר (16),0,20.98,0,270,1,0.8,1.18,1,1, ,3568.32,3568.32,0
719000,2,שכור,0,ללא,2,חינוך מיוחד,0,שנתי,514299411,מטיילי האלוף בע"מ,16,הסעת תלמידים למוסד חינוכי, כפר קרע ;, ערערה_גן 108647;אל-מנאר 328070;גן סיפי 518290;,140,הסעות ח.מיוחד חיפה,202503,2,פיזור,1,14,1,300000,א. זעיר ציבורי,0,3.955,0,256,1,0.8,1.18,1,1, ,3383.29,3383.29,0
671200,2,שכור,0,ללא,2,חינוך מיוחד,0,שנתי,514299411,מטיילי האלוף בע"מ,16,הסעת תלמידים למוסד חינוכי, כפר קרע ;, מעון גל-אור 320457;תכון חדרה בית-אליעזר 344382;,140,הסעות ח.מיוחד חיפה,202504,2,פיזור,1,13,1,320000,א.זעיר ציבורי בטיחותי (מעלון),0,21.423,0,187,1,0.8,1.18,1,1, ,2294.86,2294.86,0
719000,2,שכור,0,ללא,2,חינוך מיוחד,0,שנתי,514299411,מטיילי האלוף בע"מ,16,הסעת תלמידים למוסד חינוכי, כפר קרע ;, ערערה_גן 108647;אל-מנאר 328070;גן סיפי 518290;,140,הסעות ח.מיוחד חיפה,202504,2,פיזור,1,20,1,300000,א. זעיר ציבורי,0,3.955,0,256,1,0.8,1.18,1,1, ,4833.28,4833.28,0
701000,2,שכור,0,ללא,2,חינוך מיוחד,0,שנתי,511001778,אסיה תורס,16,הסעת תלמידים למוסד חינוכי, כפר קרע ;, גן א' 108415;גן א' 108456;גן ג' 108498;גן אלאנג'אם 162396;אלעדאס 176172;גן ו' 199612;אלשורוק 319335;הלב הקדוש 328088;אלאימאן 451351;גן אלבסמה 523175;גן אלענאדל 523233;,140,הסעות ח.מיוחד חיפה,202504,2,פיזור,1,20,1,300500,אוטובוס ציבורי זעיר (16),0,5.752,0,149,1,0.8,1.18,1,1, ,2813.12,2813.12,0
702000,2,שכור,0,ללא,2,חינוך מיוחד,0,שנתי,511001778,אסיה תורס,16,הסעת תלמידים למוסד חינוכי, כפר קרע ;, אלמוסתקבל 318188;יסודי אלחוארנה 338210;חט"ב כפר קרע ב' 348284;גן אלתפאול 523225;,140,הסעות ח.מיוחד חיפה,202504,1,איסוף,1,20,1,30000,אוטובוס בינוני,0,29.158,0,142,1,0.8,1.18,1,1, ,2680.96,2680.96,0
702000,2,שכור,0,ללא,2,חינוך מיוחד,0,שנתי,511001778,אסיה תורס,16,הסעת תלמידים למוסד חינוכי, כפר קרע ;, אלמוסתקבל 318188;יסודי אלחוארנה 338210;חט"ב כפר קרע ב' 348284;גן אלתפאול 523225;,140,הסעות ח.מיוחד חיפה,202504,2,פיזור,1,20,1,30000,אוטובוס בינוני,0,29.201,0,142,1,0.8,1.18,1,1, ,2680.96,2680.96,0
703000,2,שכור,0,ללא,2,חינוך מיוחד,0,שנתי,511001778,אסיה תורס,16,הסעת תלמידים למוסד חינוכי, כפר קרע ;, גן אלנור 235648;יד ביד גשר על 328153;גן אלאמל 337279;אלקיאן לקשר ותקשורת 384099;אלורוד 456533;,140,הסעות ח.מיוחד חיפה,202504,1,איסוף,1,24,1,300500,אוטובוס ציבורי זעיר (16),0,6.704,0,137,1,0.8,1.18,1,1, ,3103.87,3103.87,0
703000,2,שכור,0,ללא,2,חינוך מיוחד,0,שנתי,511001778,אסיה תורס,16,הסעת תלמידים למוסד חינוכי, כפר קרע ;, גן אלנור 235648;יד ביד גשר על 328153;גן אלאמל 337279;אלקיאן לקשר ותקשורת 384099;אלורוד 456533;,140,הסעות ח.מיוחד חיפה,202504,2,פיזור,1,24,1,300500,אוטובוס ציבורי זעיר (16),0,6.707,0,137,1,0.8,1.18,1,1, ,3103.87,3103.87,0
706000,2,שכור,0,ללא,2,חינוך מיוחד,0,שנתי,511001778,אסיה תורס,16,הסעת תלמידים למוסד חינוכי, כפר קרע ;, נצרת חרשים עוורים 228015;תיכון רנד לחנ"מ 359182;,140,הסעות ח.מיוחד חיפה,202504,1,איסוף,1,20,1,300000,א. זעיר ציבורי,0,39.576,0,300,1,0.8,1.18,1,1, ,5664,5664,0
706000,2,שכור,0,ללא,2,חינוך מיוחד,0,שנתי,511001778,אסיה תורס,16,הסעת תלמידים למוסד חינוכי, כפר קרע ;, נצרת חרשים עוורים 228015;,140,הסעות ח.מיוחד חיפה,202504,2,פיזור,1,13,1,300000,א. זעיר ציבורי,0,39.143,0,300,1,0.8,1.18,1,1, ,3681.6,3681.6,0
706000,2,שכור,0,ללא,2,חינוך מיוחד,0,שנתי,511001778,אסיה תורס,16,הסעת תלמידים למוסד חינוכי, כפר קרע ;, תיכון רנד לחנ"מ 359182;,140,הסעות ח.מיוחד חיפה,202504,2,פיזור,2,20,1,300000,א. זעיר ציבורי,0,48.2,0,300,1,0.8,1.18,1,1, ,5664,5664,0
707000,2,שכור,0,ללא,2,חינוך מיוחד,0,שנתי,514299411,מטיילי האלוף בע"מ,16,הסעת תלמידים למוסד חינוכי, כפר קרע ;, עומר בן אלחטאב 318071;אלרחמה 328096;ביה"ס גת המשולש 348185;עי"ס אלקאסמי 348342;384412,140,הסעות ח.מיוחד חיפה,202504,1,איסוף,1,20,1,300500,אוטובוס ציבורי זעיר (16),0,20.271,0,180,1,0.8,1.18,1,1, ,3398.4,3398.4,0
707000,2,שכור,0,ללא,2,חינוך מיוחד,0,שנתי,514299411,מטיילי האלוף בע"מ,16,הסעת תלמידים למוסד חינוכי, כפר קרע ;, עומר בן אלחטאב 318071;אלרחמה 328096;ביה"ס גת המשולש 348185;עי"ס אלקאסמי 348342;,140,הסעות ח.מיוחד חיפה,202504,2,פיזור,1,20,1,300500,אוטובוס ציבורי זעיר (16),0,19.49,0,180,1,0.8,1.18,1,1, ,3398.4,3398.4,0
711000,2,שכור,0,ללא,2,חינוך מיוחד,0,שנתי,514299411,מטיילי האלוף בע"מ,16,הסעת תלמידים למוסד חינוכי, כפר קרע ;, אלאמל חינוך מיוחד 328039;תיכון ח'דיג'ה 348250;,140,הסעות ח.מיוחד חיפה,202504,1,איסוף,1,20,1,320000,א.זעיר ציבורי בטיחותי (מעלון),0,13.614,0,277,1,0.8,1.18,1,1, ,5229.76,5229.76,0
711000,2,שכור,0,ללא,2,חינוך מיוחד,0,שנתי,514299411,מטיילי האלוף בע"מ,16,הסעת תלמידים למוסד חינוכי, כפר קרע ;, אלאמל חינוך מיוחד 328039;תיכון ח'דיג'ה 348250;,140,הסעות ח.מיוחד חיפה,202504,2,פיזור,1,20,1,320000,א.זעיר ציבורי בטיחותי (מעלון),0,13.69,0,277,1,0.8,1.18,1,1, ,5229.76,5229.76,0
711001,2,שכור,0,ללא,2,חינוך מיוחד,0,שנתי,511001778,אסיה תורס,16,הסעת תלמידים למוסד חינוכי, כפר קרע ;, גן אלסעאדה 193375;יסודי שיכון מערבי 317123;אבן חלדון 318428;ערערה אלדהראת 318527;חט"ב עין ג'ראר 347062;אפאק 348102;,140,הסעות ח.מיוחד חיפה,202504,1,איסוף,1,20,1,300000,א. זעיר ציבורי,0,38.108,0,266,1,0.8,1.18,1,1, ,5022.08,5022.08,0
711001,2,שכור,0,ללא,2,חינוך מיוחד,0,שנתי,511001778,אסיה תורס,16,הסעת תלמידים למוסד חינוכי, כפר קרע ;, גן אלסעאדה 193375;יסודי שיכון מערבי 317123;אבן חלדון 318428;ערערה אלדהראת 318527;חט"ב עין ג'ראר 347062;אפאק 348102;,140,הסעות ח.מיוחד חיפה,202504,2,פיזור,1,20,1,300000,א. זעיר ציבורי,0,38.471,0,266,1,0.8,1.18,1,1, ,5022.08,5022.08,0
712000,2,שכור,0,ללא,2,חינוך מיוחד,0,שנתי,514299411,מטיילי האלוף בע"מ,16,הסעת תלמידים למוסד חינוכי, כפר קרע ;, מעון גל-אור 320457;תכון חדרה בית-אליעזר 344382;,140,הסעות ח.מיוחד חיפה,202504,1,איסוף,1,13,1,320000,א.זעיר ציבורי בטיחותי (מעלון),0,21.457,0,187,1,0.8,1.18,1,1, ,2294.86,2294.86,0
714000,2,שכור,0,ללא,2,חינוך מיוחד,0,שנתי,514299411,מטיילי האלוף בע"מ,16,הסעת תלמידים למוסד חינוכי, כפר קרע ;, עראק אלשבאב 318337;אלעטאא 338046;תיכון קטאין אלשומר 342352;אלפיחאא 451401;יסודי מנהיגות אומנו 719625;,140,הסעות ח.מיוחד חיפה,202504,1,איסוף,1,20,1,300500,אוטובוס ציבורי זעיר (16),0,20.973,0,270,1,0.8,1.18,1,1, ,5097.6,5097.6,0
714000,2,שכור,0,ללא,2,חינוך מיוחד,0,שנתי,514299411,מטיילי האלוף בע"מ,16,הסעת תלמידים למוסד חינוכי, כפר קרע ;, עראק אלשבאב 318337;אלעטאא 338046;תיכון קטאין אלשומר 342352;אלפיחאא 451401;יסודי מנהיגות אומנו 719625;,140,הסעות ח.מיוחד חיפה,202504,2,פיזור,1,20,1,300500,אוטובוס ציבורי זעיר (16),0,20.98,0,270,1,0.8,1.18,1,1, ,5097.6,5097.6,0
716000,2,שכור,0,ללא,2,חינוך מיוחד,0,שנתי,514299411,מטיילי האלוף בע"מ,16,הסעת תלמידים למוסד חינוכי, כפר קרע ;, אלרחמה 328096;384412,140,הסעות ח.מיוחד חיפה,202504,2,פיזור,1,24,1,300000,א. זעיר ציבורי,0,18.286,0,118,1,0.8,1.18,1,1, ,2673.4,2673.4,0
719000,2,שכור,0,ללא,2,חינוך מיוחד,0,שנתי,514299411,מטיילי האלוף בע"מ,16,הסעת תלמידים למוסד חינוכי, כפר קרע ;, ערערה_גן 108647;אל-מנאר 328070;גן סיפי 518290;,140,הסעות ח.מיוחד חיפה,202504,1,איסוף,1,20,1,300000,א. זעיר ציבורי,0,3.895,0,256,1,0.8,1.18,1,1, ,4833.28,4833.28,0
701000,2,שכור,0,ללא,2,חינוך מיוחד,0,שנתי,511001778,אסיה תורס,16,הסעת תלמידים למוסד חינוכי, כפר קרע ;, גן א' 108415;גן א' 108456;גן ג' 108498;גן אלאנג'אם 162396;אלעדאס 176172;גן ו' 199612;אלשורוק 319335;הלב הקדוש 328088;אלאימאן 451351;גן אלבסמה 523175;גן אלענאדל 523233;,140,הסעות ח.מיוחד חיפה,202504,1,איסוף,1,20,1,300500,אוטובוס ציבורי זעיר (16),0,5.957,0,149,1,0.8,1.18,1,1, ,2813.12,2813.12,0
671200,2,שכור,0,ללא,2,חינוך מיוחד,0,שנתי,514299411,מטיילי האלוף בע"מ,16,הסעת תלמידים למוסד חינוכי, כפר קרע ;, מעון גל-אור 320457;תכון חדרה בית-אליעזר 344382;,140,הסעות ח.מיוחד חיפה,202505,2,פיזור,1,24,1,320000,א.זעיר ציבורי בטיחותי (מעלון),0,21.423,0,187,1,0.8,1.18,1,1, ,4236.67,4236.67,0
701000,2,שכור,0,ללא,2,חינוך מיוחד,0,שנתי,511001778,אסיה תורס,16,הסעת תלמידים למוסד חינוכי, כפר קרע ;, גן א' 108415;גן א' 108456;גן ג' 108498;גן אלאנג'אם 162396;אלעדאס 176172;גן ו' 199612;אלשורוק 319335;הלב הקדוש 328088;אלאימאן 451351;גן אלבסמה 523175;גן אלענאדל 523233;,140,הסעות ח.מיוחד חיפה,202505,1,איסוף,1,20,1,300500,אוטובוס ציבורי זעיר (16),0,5.957,0,149,1,0.8,1.18,1,1, ,2813.12,2813.12,0
701000,2,שכור,0,ללא,2,חינוך מיוחד,0,שנתי,511001778,אסיה תורס,16,הסעת תלמידים למוסד חינוכי, כפר קרע ;, גן א' 108415;גן א' 108456;גן ג' 108498;גן אלאנג'אם 162396;אלעדאס 176172;גן ו' 199612;אלשורוק 319335;הלב הקדוש 328088;אלאימאן 451351;גן אלבסמה 523175;גן אלענאדל 523233;,140,הסעות ח.מיוחד חיפה,202505,2,פיזור,1,20,1,300500,אוטובוס ציבורי זעיר (16),0,5.752,0,149,1,0.8,1.18,1,1, ,2813.12,2813.12,0
702000,2,שכור,0,ללא,2,חינוך מיוחד,0,שנתי,511001778,אסיה תורס,16,הסעת תלמידים למוסד חינוכי, כפר קרע ;, אלמוסתקבל 318188;יסודי אלחוארנה 338210;חט"ב כפר קרע ב' 348284;גן אלתפאול 523225;,140,הסעות ח.מיוחד חיפה,202505,1,איסוף,1,20,1,30000,אוטובוס בינוני,0,29.158,0,142,1,0.8,1.18,1,1, ,2680.96,2680.96,0
702000,2,שכור,0,ללא,2,חינוך מיוחד,0,שנתי,511001778,אסיה תורס,16,הסעת תלמידים למוסד חינוכי, כפר קרע ;, אלמוסתקבל 318188;יסודי אלחוארנה 338210;חט"ב כפר קרע ב' 348284;גן אלתפאול 523225;,140,הסעות ח.מיוחד חיפה,202505,2,פיזור,1,20,1,30000,אוטובוס בינוני,0,29.201,0,142,1,0.8,1.18,1,1, ,2680.96,2680.96,0
703000,2,שכור,0,ללא,2,חינוך מיוחד,0,שנתי,511001778,אסיה תורס,16,הסעת תלמידים למוסד חינוכי, כפר קרע ;, גן אלנור 235648;יד ביד גשר על 328153;גן אלאמל 337279;אלקיאן לקשר ותקשורת 384099;אלורוד 456533;,140,הסעות ח.מיוחד חיפה,202505,1,איסוף,1,25,1,300500,אוטובוס ציבורי זעיר (16),0,6.704,0,137,1,0.8,1.18,1,1, ,3233.2,3233.2,0
703000,2,שכור,0,ללא,2,חינוך מיוחד,0,שנתי,511001778,אסיה תורס,16,הסעת תלמידים למוסד חינוכי, כפר קרע ;, גן אלנור 235648;יד ביד גשר על 328153;גן אלאמל 337279;אלקיאן לקשר ותקשורת 384099;אלורוד 456533;,140,הסעות ח.מיוחד חיפה,202505,2,פיזור,1,25,1,300500,אוטובוס ציבורי זעיר (16),0,6.707,0,137,1,0.8,1.18,1,1, ,3233.2,3233.2,0
706000,2,שכור,0,ללא,2,חינוך מיוחד,0,שנתי,511001778,אסיה תורס,16,הסעת תלמידים למוסד חינוכי, כפר קרע ;, נצרת חרשים עוורים 228015;תיכון רנד לחנ"מ 359182;,140,הסעות ח.מיוחד חיפה,202505,1,איסוף,1,21,1,300000,א. זעיר ציבורי,0,39.576,0,300,1,0.8,1.18,1,1, ,5947.2,5947.2,0
706000,2,שכור,0,ללא,2,חינוך מיוחד,0,שנתי,511001778,אסיה תורס,16,הסעת תלמידים למוסד חינוכי, כפר קרע ;, נצרת חרשים עוורים 228015;,140,הסעות ח.מיוחד חיפה,202505,2,פיזור,1,21,1,300000,א. זעיר ציבורי,0,39.143,0,300,1,0.8,1.18,1,1, ,5947.2,5947.2,0
706000,2,שכור,0,ללא,2,חינוך מיוחד,0,שנתי,511001778,אסיה תורס,16,הסעת תלמידים למוסד חינוכי, כפר קרע ;, תיכון רנד לחנ"מ 359182;,140,הסעות ח.מיוחד חיפה,202505,2,פיזור,2,21,1,300000,א. זעיר ציבורי,0,48.2,0,300,1,0.8,1.18,1,1, ,5947.2,5947.2,0
707000,2,שכור,0,ללא,2,חינוך מיוחד,0,שנתי,514299411,מטיילי האלוף בע"מ,16,הסעת תלמידים למוסד חינוכי, כפר קרע ;, עומר בן אלחטאב 318071;אלרחמה 328096;ביה"ס גת המשולש 348185;עי"ס אלקאסמי 348342;384412,140,הסעות ח.מיוחד חיפה,202505,1,איסוף,1,20,1,300500,אוטובוס ציבורי זעיר (16),0,20.271,0,180,1,0.8,1.18,1,1, ,3398.4,3398.4,0
707000,2,שכור,0,ללא,2,חינוך מיוחד,0,שנתי,514299411,מטיילי האלוף בע"מ,16,הסעת תלמידים למוסד חינוכי, כפר קרע ;, עומר בן אלחטאב 318071;אלרחמה 328096;ביה"ס גת המשולש 348185;עי"ס אלקאסמי 348342;,140,הסעות ח.מיוחד חיפה,202505,2,פיזור,1,20,1,300500,אוטובוס ציבורי זעיר (16),0,19.49,0,180,1,0.8,1.18,1,1, ,3398.4,3398.4,0
711000,2,שכור,0,ללא,2,חינוך מיוחד,0,שנתי,514299411,מטיילי האלוף בע"מ,16,הסעת תלמידים למוסד חינוכי, כפר קרע ;, אלאמל חינוך מיוחד 328039;תיכון ח'דיג'ה 348250;,140,הסעות ח.מיוחד חיפה,202505,1,איסוף,1,20,1,320000,א.זעיר ציבורי בטיחותי (מעלון),0,13.614,0,277,1,0.8,1.18,1,1, ,5229.76,5229.76,0
711000,2,שכור,0,ללא,2,חינוך מיוחד,0,שנתי,514299411,מטיילי האלוף בע"מ,16,הסעת תלמידים למוסד חינוכי, כפר קרע ;, אלאמל חינוך מיוחד 328039;תיכון ח'דיג'ה 348250;,140,הסעות ח.מיוחד חיפה,202505,2,פיזור,1,20,1,320000,א.זעיר ציבורי בטיחותי (מעלון),0,13.69,0,277,1,0.8,1.18,1,1, ,5229.76,5229.76,0
711001,2,שכור,0,ללא,2,חינוך מיוחד,0,שנתי,511001778,אסיה תורס,16,הסעת תלמידים למוסד חינוכי, כפר קרע ;, גן אלסעאדה 193375;יסודי שיכון מערבי 317123;אבן חלדון 318428;ערערה אלדהראת 318527;חט"ב עין ג'ראר 347062;אפאק 348102;,140,הסעות ח.מיוחד חיפה,202505,1,איסוף,1,20,1,300000,א. זעיר ציבורי,0,38.108,0,266,1,0.8,1.18,1,1, ,5022.08,5022.08,0
711001,2,שכור,0,ללא,2,חינוך מיוחד,0,שנתי,511001778,אסיה תורס,16,הסעת תלמידים למוסד חינוכי, כפר קרע ;, גן אלסעאדה 193375;יסודי שיכון מערבי 317123;אבן חלדון 318428;ערערה אלדהראת 318527;חט"ב עין ג'ראר 347062;אפאק 348102;,140,הסעות ח.מיוחד חיפה,202505,2,פיזור,1,20,1,300000,א. זעיר ציבורי,0,38.471,0,266,1,0.8,1.18,1,1, ,5022.08,5022.08,0
712000,2,שכור,0,ללא,2,חינוך מיוחד,0,שנתי,514299411,מטיילי האלוף בע"מ,16,הסעת תלמידים למוסד חינוכי, כפר קרע ;, מעון גל-אור 320457;תכון חדרה בית-אליעזר 344382;,140,הסעות ח.מיוחד חיפה,202505,1,איסוף,1,24,1,320000,א.זעיר ציבורי בטיחותי (מעלון),0,21.457,0,187,1,0.8,1.18,1,1, ,4236.67,4236.67,0
714000,2,שכור,0,ללא,2,חינוך מיוחד,0,שנתי,514299411,מטיילי האלוף בע"מ,16,הסעת תלמידים למוסד חינוכי, כפר קרע ;, עראק אלשבאב 318337;אלעטאא 338046;תיכון קטאין אלשומר 342352;אלפיחאא 451401;יסודי מנהיגות אומנו 719625;,140,הסעות ח.מיוחד חיפה,202505,1,איסוף,1,20,1,300500,אוטובוס ציבורי זעיר (16),0,20.973,0,270,1,0.8,1.18,1,1, ,5097.6,5097.6,0
714000,2,שכור,0,ללא,2,חינוך מיוחד,0,שנתי,514299411,מטיילי האלוף בע"מ,16,הסעת תלמידים למוסד חינוכי, כפר קרע ;, עראק אלשבאב 318337;אלעטאא 338046;תיכון קטאין אלשומר 342352;אלפיחאא 451401;יסודי מנהיגות אומנו 719625;,140,הסעות ח.מיוחד חיפה,202505,2,פיזור,1,20,1,300500,אוטובוס ציבורי זעיר (16),0,20.98,0,270,1,0.8,1.18,1,1, ,5097.6,5097.6,0
716000,2,שכור,0,ללא,2,חינוך מיוחד,0,שנתי,514299411,מטיילי האלוף בע"מ,16,הסעת תלמידים למוסד חינוכי, כפר קרע ;, אלרחמה 328096;384412,140,הסעות ח.מיוחד חיפה,202505,2,פיזור,1,25,1,300000,א. זעיר ציבורי,0,18.286,0,118,1,0.8,1.18,1,1, ,2784.8,2784.8,0
719000,2,שכור,0,ללא,2,חינוך מיוחד,0,שנתי,514299411,מטיילי האלוף בע"מ,16,הסעת תלמידים למוסד חינוכי, כפר קרע ;, ערערה_גן 108647;אל-מנאר 328070;גן סיפי 518290;,140,הסעות ח.מיוחד חיפה,202505,1,איסוף,1,20,1,300000,א. זעיר ציבורי,0,3.895,0,256,1,0.8,1.18,1,1, ,4833.28,4833.28,0
719000,2,שכור,0,ללא,2,חינוך מיוחד,0,שנתי,514299411,מטיילי האלוף בע"מ,16,הסעת תלמידים למוסד חינוכי, כפר קרע ;, ערערה_גן 108647;אל-מנאר 328070;גן סיפי 518290;,140,הסעות ח.מיוחד חיפה,202505,2,פיזור,1,20,1,300000,א. זעיר ציבורי,0,3.955,0,256,1,0.8,1.18,1,1, ,4833.28,4833.28,0
714000,2,שכור,0,ללא,2,חינוך מיוחד,0,שנתי,514299411,מטיילי האלוף בע"מ,16,הסעת תלמידים למוסד חינוכי, כפר קרע ;, עראק אלשבאב 318337;אלעטאא 338046;תיכון קטאין אלשומר 342352;אלפיחאא 451401;יסודי מנהיגות אומנו 719625;,140,הסעות ח.מיוחד חיפה,202506,2,פיזור,1,10,1,300500,אוטובוס ציבורי זעיר (16),0,20.98,0,270,1,0.8,1.18,1,1, ,2548.8,2548.8,0
714000,2,שכור,0,ללא,2,חינוך מיוחד,0,שנתי,514299411,מטיילי האלוף בע"מ,16,הסעת תלמידים למוסד חינוכי, כפר קרע ;, עראק אלשבאב 318337;אלעטאא 338046;תיכון קטאין אלשומר 342352;אלפיחאא 451401;יסודי מנהיגות אומנו 719625;,140,הסעות ח.מיוחד חיפה,202506,1,איסוף,1,10,1,300500,אוטובוס ציבורי זעיר (16),0,20.973,0,270,1,0.8,1.18,1,1, ,2548.8,2548.8,0
719000,2,שכור,0,ללא,2,חינוך מיוחד,0,שנתי,514299411,מטיילי האלוף בע"מ,16,הסעת תלמידים למוסד חינוכי, כפר קרע ;, ערערה_גן 108647;אל-מנאר 328070;גן סיפי 518290;,140,הסעות ח.מיוחד חיפה,202506,1,איסוף,1,10,1,300000,א. זעיר ציבורי,0,3.895,0,256,1,0.8,1.18,1,1, ,2416.64,2416.64,0
719000,2,שכור,0,ללא,2,חינוך מיוחד,0,שנתי,514299411,מטיילי האלוף בע"מ,16,הסעת תלמידים למוסד חינוכי, כפר קרע ;, ערערה_גן 108647;אל-מנאר 328070;גן סיפי 518290;,140,הסעות ח.מיוחד חיפה,202506,2,פיזור,1,10,1,300000,א. זעיר ציבורי,0,3.955,0,256,1,0.8,1.18,1,1, ,2416.64,2416.64,0
671200,2,שכור,0,ללא,2,חינוך מיוחד,0,שנתי,514299411,מטיילי האלוף בע"מ,16,הסעת תלמידים למוסד חינוכי, כפר קרע ;, מעון גל-אור 320457;תכון חדרה בית-אליעזר 344382;,140,הסעות ח.מיוחד חיפה,202506,2,פיזור,1,14,1,320000,א.זעיר ציבורי בטיחותי (מעלון),0,21.423,0,187,1,0.8,1.18,1,1, ,2471.39,2471.39,0
701000,2,שכור,0,ללא,2,חינוך מיוחד,0,שנתי,511001778,אסיה תורס,16,הסעת תלמידים למוסד חינוכי, כפר קרע ;, גן א' 108415;גן א' 108456;גן ג' 108498;גן אלאנג'אם 162396;אלעדאס 176172;גן ו' 199612;אלשורוק 319335;הלב הקדוש 328088;אלאימאן 451351;גן אלבסמה 523175;גן אלענאדל 523233;,140,הסעות ח.מיוחד חיפה,202506,1,איסוף,1,10,1,300500,אוטובוס ציבורי זעיר (16),0,5.957,0,149,1,0.8,1.18,1,1, ,1406.56,1406.56,0
701000,2,שכור,0,ללא,2,חינוך מיוחד,0,שנתי,511001778,אסיה תורס,16,הסעת תלמידים למוסד חינוכי, כפר קרע ;, גן א' 108415;גן א' 108456;גן ג' 108498;גן אלאנג'אם 162396;אלעדאס 176172;גן ו' 199612;אלשורוק 319335;הלב הקדוש 328088;אלאימאן 451351;גן אלבסמה 523175;גן אלענאדל 523233;,140,הסעות ח.מיוחד חיפה,202506,2,פיזור,1,10,1,300500,אוטובוס ציבורי זעיר (16),0,5.752,0,149,1,0.8,1.18,1,1, ,1406.56,1406.56,0
702000,2,שכור,0,ללא,2,חינוך מיוחד,0,שנתי,511001778,אסיה תורס,16,הסעת תלמידים למוסד חינוכי, כפר קרע ;, אלמוסתקבל 318188;יסודי אלחוארנה 338210;חט"ב כפר קרע ב' 348284;גן אלתפאול 523225;,140,הסעות ח.מיוחד חיפה,202506,1,איסוף,1,10,1,30000,אוטובוס בינוני,0,29.158,0,142,1,0.8,1.18,1,1, ,1340.48,1340.48,0
702000,2,שכור,0,ללא,2,חינוך מיוחד,0,שנתי,511001778,אסיה תורס,16,הסעת תלמידים למוסד חינוכי, כפר קרע ;, אלמוסתקבל 318188;יסודי אלחוארנה 338210;חט"ב כפר קרע ב' 348284;גן אלתפאול 523225;,140,הסעות ח.מיוחד חיפה,202506,2,פיזור,1,10,1,30000,אוטובוס בינוני,0,29.201,0,142,1,0.8,1.18,1,1, ,1340.48,1340.48,0
703000,2,שכור,0,ללא,2,חינוך מיוחד,0,שנתי,511001778,אסיה תורס,16,הסעת תלמידים למוסד חינוכי, כפר קרע ;, גן אלנור 235648;יד ביד גשר על 328153;גן אלאמל 337279;אלקיאן לקשר ותקשורת 384099;אלורוד 456533;,140,הסעות ח.מיוחד חיפה,202506,1,איסוף,1,11,1,300500,אוטובוס ציבורי זעיר (16),0,6.704,0,137,1,0.8,1.18,1,1, ,1422.6,1422.6,0
703000,2,שכור,0,ללא,2,חינוך מיוחד,0,שנתי,511001778,אסיה תורס,16,הסעת תלמידים למוסד חינוכי, כפר קרע ;, גן אלנור 235648;יד ביד גשר על 328153;גן אלאמל 337279;אלקיאן לקשר ותקשורת 384099;אלורוד 456533;,140,הסעות ח.מיוחד חיפה,202506,2,פיזור,1,11,1,300500,אוטובוס ציבורי זעיר (16),0,6.707,0,137,1,0.8,1.18,1,1, ,1422.6,1422.6,0
706000,2,שכור,0,ללא,2,חינוך מיוחד,0,שנתי,511001778,אסיה תורס,16,הסעת תלמידים למוסד חינוכי, כפר קרע ;, נצרת חרשים עוורים 228015;תיכון רנד לחנ"מ 359182;,140,הסעות ח.מיוחד חיפה,202506,1,איסוף,1,10,1,300000,א. זעיר ציבורי,0,39.576,0,300,1,0.8,1.18,1,1, ,2832,2832,0
706000,2,שכור,0,ללא,2,חינוך מיוחד,0,שנתי,511001778,אסיה תורס,16,הסעת תלמידים למוסד חינוכי, כפר קרע ;, נצרת חרשים עוורים 228015;,140,הסעות ח.מיוחד חיפה,202506,2,פיזור,1,9,1,300000,א. זעיר ציבורי,0,39.143,0,300,1,0.8,1.18,1,1, ,2548.8,2548.8,0
706000,2,שכור,0,ללא,2,חינוך מיוחד,0,שנתי,511001778,אסיה תורס,16,הסעת תלמידים למוסד חינוכי, כפר קרע ;, תיכון רנד לחנ"מ 359182;,140,הסעות ח.מיוחד חיפה,202506,2,פיזור,2,9,1,300000,א. זעיר ציבורי,0,48.2,0,300,1,0.8,1.18,1,1, ,2548.8,2548.8,0
707000,2,שכור,0,ללא,2,חינוך מיוחד,0,שנתי,514299411,מטיילי האלוף בע"מ,16,הסעת תלמידים למוסד חינוכי, כפר קרע ;, עומר בן אלחטאב 318071;אלרחמה 328096;ביה"ס גת המשולש 348185;עי"ס אלקאסמי 348342;384412,140,הסעות ח.מיוחד חיפה,202506,1,איסוף,1,10,1,300500,אוטובוס ציבורי זעיר (16),0,20.271,0,180,1,0.8,1.18,1,1, ,1699.2,1699.2,0
707000,2,שכור,0,ללא,2,חינוך מיוחד,0,שנתי,514299411,מטיילי האלוף בע"מ,16,הסעת תלמידים למוסד חינוכי, כפר קרע ;, עומר בן אלחטאב 318071;אלרחמה 328096;ביה"ס גת המשולש 348185;עי"ס אלקאסמי 348342;,140,הסעות ח.מיוחד חיפה,202506,2,פיזור,1,10,1,300500,אוטובוס ציבורי זעיר (16),0,19.49,0,180,1,0.8,1.18,1,1, ,1699.2,1699.2,0
711000,2,שכור,0,ללא,2,חינוך מיוחד,0,שנתי,514299411,מטיילי האלוף בע"מ,16,הסעת תלמידים למוסד חינוכי, כפר קרע ;, אלאמל חינוך מיוחד 328039;תיכון ח'דיג'ה 348250;,140,הסעות ח.מיוחד חיפה,202506,1,איסוף,1,10,1,320000,א.זעיר ציבורי בטיחותי (מעלון),0,13.614,0,277,1,0.8,1.18,1,1, ,2614.88,2614.88,0
711000,2,שכור,0,ללא,2,חינוך מיוחד,0,שנתי,514299411,מטיילי האלוף בע"מ,16,הסעת תלמידים למוסד חינוכי, כפר קרע ;, אלאמל חינוך מיוחד 328039;תיכון ח'דיג'ה 348250;,140,הסעות ח.מיוחד חיפה,202506,2,פיזור,1,10,1,320000,א.זעיר ציבורי בטיחותי (מעלון),0,13.69,0,277,1,0.8,1.18,1,1, ,2614.88,2614.88,0
711001,2,שכור,0,ללא,2,חינוך מיוחד,0,שנתי,511001778,אסיה תורס,16,הסעת תלמידים למוסד חינוכי, כפר קרע ;, גן אלסעאדה 193375;יסודי שיכון מערבי 317123;אבן חלדון 318428;ערערה אלדהראת 318527;חט"ב עין ג'ראר 347062;אפאק 348102;,140,הסעות ח.מיוחד חיפה,202506,1,איסוף,1,10,1,300000,א. זעיר ציבורי,0,38.108,0,266,1,0.8,1.18,1,1, ,2511.04,2511.04,0
711001,2,שכור,0,ללא,2,חינוך מיוחד,0,שנתי,511001778,אסיה תורס,16,הסעת תלמידים למוסד חינוכי, כפר קרע ;, גן אלסעאדה 193375;יסודי שיכון מערבי 317123;אבן חלדון 318428;ערערה אלדהראת 318527;חט"ב עין ג'ראר 347062;אפאק 348102;,140,הסעות ח.מיוחד חיפה,202506,2,פיזור,1,10,1,300000,א. זעיר ציבורי,0,38.471,0,266,1,0.8,1.18,1,1, ,2511.04,2511.04,0
712000,2,שכור,0,ללא,2,חינוך מיוחד,0,שנתי,514299411,מטיילי האלוף בע"מ,16,הסעת תלמידים למוסד חינוכי, כפר קרע ;, מעון גל-אור 320457;תכון חדרה בית-אליעזר 344382;,140,הסעות ח.מיוחד חיפה,202506,1,איסוף,1,15,1,320000,א.זעיר ציבורי בטיחותי (מעלון),0,21.457,0,187,1,0.8,1.18,1,1, ,2647.92,2647.92,0
716000,2,שכור,0,ללא,2,חינוך מיוחד,0,שנתי,514299411,מטיילי האלוף בע"מ,16,הסעת תלמידים למוסד חינוכי, כפר קרע ;, אלרחמה 328096;384412,140,הסעות ח.מיוחד חיפה,202506,2,פיזור,1,10,1,300000,א. זעיר ציבורי,0,18.286,0,118,1,0.8,1.18,1,1, ,1113.92,1113.92,0
